id_route;origin_cod;dest_cod
1;ATL;SGF
2;SGF;ATL
3;SRQ;JFK
4;DTW;BTV
5;JFK;IAD
6;LGA;OMA
7;ATL;CHA
8;CHA;ATL
9;LGA;BTV
10;ORF;LGA
11;ROA;ATL
12;TPA;RDU
13;RDU;JFK
14;ATL;SBN
15;BOS;CVG
16;SBN;ATL
17;ATL;AVL
18;AVL;ATL
19;LGA;TYS
20;ATL;EVV
21;TRI;ATL
22;ATL;GSO
23;DTW;DCA
24;DSM;MSP
25;MSP;DSM
26;ATL;BTR
27;DTW;DSM
28;ATL;BHM
29;BHM;ATL
30;BUF;JFK
31;DTW;ALB
32;BTV;DTW
33;DTW;TYS
34;ATL;MYR
35;GNV;ATL
36;GRR;LGA
37;MYR;ATL
38;JAX;JFK
39;LGA;RDU
40;MSP;ORD
41;ORD;MSP
42;DTW;EVV
43;ATL;ILM
44;ILM;ATL
45;JFK;BOS
46;LGA;JAX
47;ATL;PHF
48;PHF;ATL
49;LGA;PIT
50;DTW;IND
51;IND;JFK
52;LGA;CHS
53;ATL;MGM
54;BTR;ATL
55;MGM;ATL
56;GSO;ATL
57;LGA;GRR
58;PIT;LGA
59;ATL;TLH
60;TLH;ATL
61;DTW;DFW
62;LGA;CLE
63;GSP;LGA
64;JFK;DTW
65;ATL;HPN
66;HPN;ATL
67;JFK;SAV
68;JFK;BWI
69;ATL;CAK
70;CAK;ATL
71;ATL;VPS
72;VPS;ATL
73;RDU;LGA
74;MKE;LGA
75;LGA;SAV
76;DAY;DTW
77;DTW;DAY
78;LGA;STL
79;ATL;SHV
80;BUF;DTW
81;LGA;BUF
82;SHV;ATL
83;MEM;MSP
84;MSP;MEM
85;ATL;AGS
86;AUS;DTW
87;CMH;DTW
88;DTW;CMH
89;AEX;ATL
90;ATL;TUL
91;TUL;ATL
92;JAX;LGA
93;BDL;MSP
94;MSP;BDL
95;CVG;BOS
96;SAT;MSP
97;DTW;ATW
98;DTW;CLE
99;ATW;MSP
100;CHS;BOS
101;SYR;LGA
102;ATL;ABE
103;PIT;MSP
104;AUS;MSP
105;PWM;LGA
106;BHM;DTW
107;DTW;BHM
108;LGA;BGR
109;TYS;LGA
110;MSP;OMA
111;ATL;CID
112;CID;ATL
113;IND;MSP
114;MSP;EWR
115;BUF;LGA
116;DFW;DTW
117;JFK;RDU
118;MSP;SDF
119;BWI;JFK
120;SAT;DTW
121;ATL;LFT
122;DTW;AVP
123;DTW;ELM
124;ELM;DTW
125;LFT;ATL
126;DTW;SAT
127;CVG;ORD
128;LGA;PWM
129;ORD;CVG
130;ATL;GSP
131;GSP;ATL
132;OAJ;ATL
133;SDF;MSP
134;JFK;RIC
135;LGA;ROC
136;MSP;AUS
137;CAE;ATL
138;ATL;JAN
139;JAN;ATL
140;CVG;MSP
141;ROC;LGA
142;BOS;RDU
143;LGA;MSN
144;JFK;JAX
145;MSP;XNA
146;DTW;LEX
147;MEM;LGA
148;IAD;JFK
149;DTW;AUS
150;DTW;TVC
151;TVC;DTW
152;CLE;LGA
153;LGA;CVG
154;CVG;LGA
155;LGA;MEM
156;LGA;MKE
157;TYS;MSP
158;MSP;CMH
159;OMA;MSP
160;ATL;GNV
161;RDU;PHL
162;SAV;LGA
163;PIT;DTW
164;EWR;CVG
165;MSP;CVG
166;DEN;GRR
167;DEN;HOU
168;DEN;IAD
169;DEN;IND
170;DEN;JAX
171;DEN;LAS
172;DEN;LAX
173;DEN;LBB
174;DEN;LGA
175;DEN;MCI
176;DEN;MCO
177;DEN;MDW
178;DEN;MEM
179;DEN;MKE
180;DEN;MSP
181;DEN;MSY
182;DEN;OAK
183;DEN;OKC
184;DEN;OMA
185;DEN;ONT
186;DEN;PDX
187;DEN;PHL
188;DEN;PHX
189;DEN;PIT
190;DEN;RDU
191;DEN;RNO
192;DEN;SAN
193;DEN;SAT
194;DEN;SDF
195;DEN;SEA
196;DEN;SFO
197;DEN;SJC
198;DEN;SLC
199;DEN;SMF
200;DEN;SNA
201;DEN;STL
202;DEN;TPA
203;DEN;TUL
204;DEN;TUS
205;DSM;LAS
206;DSM;PHX
207;DSM;STL
208;DTW;ATL
209;DTW;BNA
210;DTW;BWI
211;DTW;DAL
212;DTW;DEN
213;DTW;LAS
214;DTW;MDW
215;DTW;PHX
216;DTW;STL
217;ECP;BNA
218;ECP;HOU
219;ELP;AUS
220;ELP;DAL
221;ELP;DEN
222;ELP;HOU
223;ELP;LAS
224;ELP;LAX
225;ELP;PHX
226;ELP;SAT
227;EWR;AUS
228;EWR;DEN
229;EWR;FLL
230;EWR;IND
231;EWR;MCO
232;EWR;MDW
233;EWR;PHX
234;EWR;SAN
235;EWR;STL
236;FLL;ALB
237;FLL;ATL
238;FLL;AUS
239;FLL;BDL
240;FLL;BNA
241;FLL;BUF
242;FLL;BWI
243;FLL;CMH
244;FLL;DAL
245;FLL;DCA
246;FLL;DEN
247;FLL;EWR
248;FLL;HOU
249;FLL;IAD
250;FLL;IND
251;FLL;ISP
252;FLL;JAX
253;FLL;MCI
254;FLL;MCO
255;FLL;MDW
256;FLL;MKE
257;FLL;MSY
258;FLL;PHL
259;FLL;PHX
260;FLL;PIT
261;FLL;PVD
262;FLL;RDU
263;FLL;SAT
264;FLL;SJU
265;FLL;STL
266;FLL;TPA
267;GEG;BOI
268;GEG;DEN
269;GEG;LAS
270;GEG;OAK
271;GEG;PHX
272;GEG;SJC
273;GEG;SMF
274;GRR;BWI
275;GRR;DEN
276;GRR;MDW
277;HOU;ABQ
278;HOU;ATL
279;HOU;AUS
280;HOU;BHM
281;HOU;BNA
282;HOU;BOS
283;HOU;BUR
284;HOU;BWI
285;HOU;CHS
286;HOU;CLT
287;HOU;CMH
288;HOU;CRP
289;HOU;DAL
290;HOU;DCA
291;HOU;DEN
292;HOU;ECP
293;HOU;ELP
294;HOU;FLL
295;HOU;HRL
296;HOU;IND
297;HOU;JAX
298;HOU;LAS
299;HOU;LAX
300;HOU;LGA
301;HOU;MAF
302;HOU;MCI
303;HOU;MCO
304;HOU;MDW
305;HOU;MEM
306;HOU;MKE
307;HOU;MSY
308;HOU;OAK
309;HOU;OKC
310;HOU;OMA
311;HOU;PHX
312;HOU;PIT
313;HOU;PNS
314;HOU;RDU
315;HOU;SAN
316;HOU;SAT
317;HOU;SDF
318;HOU;SJC
319;HOU;SLC
320;HOU;SNA
321;HOU;STL
322;HOU;TPA
323;HOU;TUL
324;HRL;AUS
325;HRL;HOU
326;IAD;ATL
327;IAD;DEN
328;IAD;FLL
329;IAD;MCO
330;ICT;LAS
331;ICT;PHX
332;ICT;STL
333;IND;ATL
334;IND;BOS
335;IND;BWI
336;IND;DAL
337;IND;DEN
338;IND;EWR
339;IND;FLL
340;IND;HOU
341;IND;LAS
342;IND;LAX
343;IND;MCI
344;IND;MCO
345;IND;MDW
346;IND;OAK
347;IND;PHX
348;IND;RSW
349;IND;TPA
350;ISP;BWI
351;ISP;FLL
352;ISP;MCO
353;ISP;PBI
354;ISP;TPA
355;JAX;ATL
356;JAX;BNA
357;JAX;BWI
358;JAX;DEN
359;JAX;FLL
360;JAX;HOU
361;JAX;MDW
362;LAS;ABQ
363;LAS;AMA
364;LAS;ATL
365;LAS;AUS
366;LAS;BHM
367;LAS;BNA
368;LAS;BOI
369;LAS;BUF
370;LAS;BUR
371;LAS;BWI
372;LAS;CLE
373;LAS;CMH
374;LAS;DAL
375;LAS;DEN
376;LAS;DSM
377;LAS;DTW
378;LAS;ELP
379;LAS;GEG
380;LAS;HOU
381;LAS;ICT
382;LAS;IND
383;LAS;LAX
384;LAS;LBB
385;LAS;LGB
386;LAS;LIT
387;LAS;MAF
388;LAS;MCI
389;LAS;MCO
390;LAS;MDW
391;LAS;MKE
392;LAS;MSY
393;LAS;OAK
394;LAS;OKC
395;LAS;OMA
396;LAS;ONT
397;LAS;PDX
398;LAS;PHL
399;LAS;PHX
400;LAS;PIT
401;LAS;RDU
402;LAS;RNO
403;LAS;SAN
404;LAS;SAT
405;LAS;SDF
406;LAS;SEA
407;LAS;SFO
408;LAS;SJC
409;LAS;SLC
410;LAS;SMF
411;LAS;SNA
412;LAS;STL
413;LAS;TPA
414;LAS;TUL
415;LAS;TUS
416;LAX;ABQ
417;LAX;ATL
418;LAX;AUS
419;LAX;BNA
420;LAX;BWI
421;LAX;DAL
422;LAX;DEN
423;LAX;ELP
424;LAX;HOU
425;LAX;IND
426;LAX;LAS
427;LAX;MCI
428;LAX;MDW
429;LAX;MKE
430;LAX;MSY
431;LAX;OAK
432;LAX;OMA
433;LAX;PDX
434;LAX;PHX
435;LAX;PIT
436;LAX;RNO
437;LAX;SAT
438;LAX;SFO
439;LAX;SJC
440;LAX;SLC
441;LAX;SMF
442;LAX;STL
443;LAX;TPA
444;LAX;TUS
445;LBB;AUS
446;LBB;DAL
447;LBB;DEN
448;LBB;LAS
449;LGA;ATL
450;LGA;BNA
451;LGA;DAL
452;LGA;DEN
453;LGA;HOU
454;LGA;MCI
455;LGA;MDW
456;LGA;MSY
457;LGA;TPA
458;LGB;LAS
459;LGB;OAK
460;LGB;SMF
461;LIT;DAL
462;LIT;LAS
463;LIT;PHX
464;LIT;STL
465;MAF;DAL
466;MAF;HOU
467;MAF;LAS
468;MCI;ABQ
469;MCI;ATL
470;MCI;AUS
471;MCI;BNA
472;MCI;BOS
473;MCI;BWI
474;MCI;DAL
475;MCI;DCA
476;MCI;DEN
477;MCI;FLL
478;MCI;HOU
479;MCI;IND
480;MCI;LAS
481;MCI;LAX
482;MCI;LGA
483;MCI;MCO
484;MCI;MDW
485;MCI;MKE
486;MCI;MSP
487;MCI;MSY
488;MCI;OAK
489;MCI;PDX
490;MCI;PHX
491;MCI;RDU
492;MCI;SAN
493;MCI;SAT
494;MCI;SEA
495;MCI;STL
496;MCI;TPA
497;MCO;ALB
498;MCO;ATL
499;MCO;AUS
500;MCO;BDL
501;MCO;BHM
502;MCO;BNA
503;MCO;BUF
504;MCO;BWI
505;MCO;CMH
506;MCO;DAL
507;MCO;DCA
508;MCO;DEN
509;MCO;EWR
510;MCO;FLL
511;MCO;HOU
512;MCO;IAD
513;MCO;IND
514;MCO;ISP
515;MCO;LAS
516;MCO;MCI
517;MCO;MDW
518;MCO;MEM
519;MCO;MHT
520;MCO;MKE
521;MCO;MSY
522;MCO;OAK
523;MCO;ORF
524;MCO;PHL
525;MCO;PHX
526;MCO;PIT
527;MCO;PVD
528;MCO;RDU
529;MCO;ROC
530;MCO;SAN
531;MCO;SAT
532;MCO;SDF
533;MCO;SJC
534;MCO;SJU
535;MCO;SMF
536;MCO;STL
537;MDW;ABQ
538;MDW;ALB
539;MDW;ATL
540;MDW;AUS
541;MDW;BDL
542;MDW;BHM
543;MDW;BNA
544;MDW;BOS
545;MDW;BUF
546;MDW;BUR
547;MDW;BWI
548;MDW;CHS
549;MDW;CLE
550;MDW;CLT
551;MDW;CMH
552;MDW;CVG
553;MDW;DAL
554;MDW;DCA
555;MDW;DEN
556;MDW;DTW
557;MDW;EWR
558;MDW;FLL
559;MDW;GRR
560;MDW;HOU
561;MDW;IND
562;MDW;JAX
563;MDW;LAS
564;MDW;LAX
565;MDW;LGA
566;MDW;MCI
567;MDW;MCO
568;MDW;MEM
569;MDW;MHT
570;MDW;MSP
571;MDW;MSY
572;MDW;OAK
573;MDW;OKC
574;MDW;OMA
575;MDW;ONT
576;MDW;ORF
577;MDW;PDX
578;MDW;PHL
579;MDW;PHX
580;MDW;PIT
581;MDW;PVD
582;MDW;RDU
583;MDW;RSW
584;MDW;SAN
585;MDW;SAT
586;MDW;SDF
587;MDW;SEA
588;MDW;SFO
589;MDW;SJC
590;MDW;SJU
591;MDW;SLC
592;MDW;SMF
593;MDW;STL
594;MDW;TPA
595;MDW;TUS
596;MEM;BWI
597;MEM;DAL
598;MEM;DEN
599;MEM;HOU
600;MEM;MCO
601;MEM;MDW
602;MEM;TPA
603;MHT;BWI
604;MHT;MCO
605;MHT;MDW
606;MHT;TPA
607;MKE;ATL
608;MKE;BNA
609;MKE;BOS
610;MKE;BWI
611;MKE;CLE
612;MKE;DCA
613;MKE;DEN
614;MKE;FLL
615;MKE;HOU
616;MKE;LAS
617;MKE;LAX
618;MKE;MCI
619;MKE;MCO
620;MKE;PHX
621;MKE;RSW
622;MKE;STL
623;MKE;TPA
624;MSP;ATL
625;MSP;BNA
626;MSP;BWI
627;MSP;DEN
628;MSP;MCI
629;MSP;MDW
630;MSP;OAK
631;MSP;PHX
632;MSP;STL
633;MSY;ATL
634;MSY;AUS
635;MSY;BNA
636;MSY;BWI
637;MSY;DAL
638;MSY;DCA
639;MSY;DEN
640;MSY;FLL
641;MSY;HOU
642;MSY;LAS
643;MSY;LAX
644;MSY;LGA
645;MSY;MCI
646;MSY;MCO
647;MSY;MDW
648;MSY;OAK
649;MSY;PHX
650;MSY;SAN
651;MSY;SAT
652;MSY;SMF
653;MSY;STL
654;MSY;TPA
655;OAK;ABQ
656;OAK;ATL
657;OAK;AUS
658;OAK;BNA
659;OAK;BOI
660;OAK;BUR
661;OAK;BWI
662;OAK;DAL
663;OAK;DEN
664;OAK;GEG
665;OAK;HOU
666;OAK;IND
667;OAK;LAS
668;OAK;LAX
669;OAK;LGB
670;OAK;MCI
671;OAK;MCO
672;OAK;MDW
673;OAK;MSP
674;OAK;MSY
675;OAK;ONT
676;OAK;PDX
677;OAK;PHX
678;OAK;RNO
679;OAK;SAN
680;OAK;SAT
681;OAK;SEA
682;OAK;SLC
683;OAK;SNA
684;OAK;STL
685;OKC;BWI
686;OKC;DAL
687;OKC;DCA
688;OKC;DEN
689;OKC;HOU
690;OKC;LAS
691;OKC;MDW
692;OKC;PHX
693;OKC;STL
694;OMA;DAL
695;OMA;DCA
696;OMA;DEN
697;OMA;HOU
698;OMA;LAS
699;OMA;LAX
700;OMA;MDW
701;OMA;PHX
702;OMA;STL
703;ONT;DAL
704;ONT;DEN
705;ONT;LAS
706;ONT;MDW
707;ONT;OAK
708;ONT;PDX
709;ONT;PHX
710;ONT;SJC
711;ONT;SMF
712;ORF;BWI
713;ORF;MCO
714;ORF;MDW
715;PBI;ATL
716;PBI;BWI
717;PBI;ISP
718;PDX;BUR
719;PDX;DAL
720;PDX;DEN
721;PDX;LAS
722;PDX;LAX
723;PDX;MCI
724;PDX;MDW
725;PDX;OAK
726;PDX;ONT
727;PDX;PHX
728;PDX;SAN
729;PDX;SJC
730;PDX;SMF
731;PDX;STL
732;PHL;ATL
733;PHL;BNA
734;PHL;DAL
735;PHL;DEN
736;PHL;FLL
737;PHL;LAS
738;PHL;MCO
739;PHL;MDW
740;PHL;PHX
741;PHL;STL
742;PHL;TPA
743;PHX;ABQ
744;PHX;ATL
745;PHX;AUS
746;PHX;BNA
747;PHX;BOI
748;PHX;BUF
749;PHX;BUR
750;PHX;BWI
751;PHX;CLE
752;PHX;CMH
753;PHX;DAL
754;PHX;DEN
755;PHX;DSM
756;PHX;DTW
757;PHX;ELP
758;PHX;EWR
759;PHX;FLL
760;PHX;GEG
761;PHX;HOU
762;PHX;ICT
763;PHX;IND
764;PHX;LAS
765;PHX;LAX
766;PHX;LIT
767;PHX;MCI
768;PHX;MCO
769;PHX;MDW
770;PHX;MKE
771;PHX;MSP
772;PHX;MSY
773;PHX;OAK
774;PHX;OKC
775;PHX;OMA
776;PHX;ONT
777;PHX;PDX
778;PHX;PHL
779;PHX;PIT
780;PHX;RDU
781;PHX;RNO
782;PHX;SAN
783;PHX;SAT
784;PHX;SDF
785;PHX;SEA
786;PHX;SFO
787;PHX;SJC
788;PHX;SLC
789;PHX;SMF
790;PHX;SNA
791;PHX;STL
792;PHX;TPA
793;PHX;TUL
794;PIT;ATL
795;PIT;BNA
796;PIT;BWI
797;PIT;DAL
798;PIT;DEN
799;PIT;FLL
800;PIT;HOU
801;PIT;LAS
802;PIT;LAX
803;PIT;MCO
804;PIT;MDW
805;PIT;PHX
806;PIT;RSW
807;PIT;STL
808;PIT;TPA
809;PNS;BNA
810;PNS;HOU
811;PVD;BWI
812;PVD;DCA
813;PVD;FLL
814;PVD;MCO
815;PVD;MDW
816;PVD;TPA
817;PWM;BWI
818;RDU;ATL
819;RDU;BNA
820;RDU;BWI
821;RDU;DAL
822;RDU;DEN
823;RDU;FLL
824;RDU;HOU
825;RDU;LAS
826;RDU;MCI
827;RDU;MCO
828;RDU;MDW
829;RDU;PHX
830;RDU;STL
831;RDU;TPA
832;RIC;ATL
833;RNO;DEN
834;RNO;LAS
835;RNO;LAX
836;RNO;OAK
837;RNO;PHX
838;RNO;SAN
839;RNO;SJC
840;ROC;BWI
841;ROC;MCO
842;ROC;TPA
843;RSW;ATL
844;RSW;BDL
845;RSW;BWI
846;RSW;CMH
847;RSW;IND
848;RSW;MDW
849;RSW;MKE
850;RSW;PIT
851;RSW;STL
852;SAN;ABQ
853;SAN;ATL
854;SAN;AUS
855;SAN;BNA
856;SAN;BOI
857;SAN;BWI
858;SAN;DAL
859;SAN;DEN
860;SAN;EWR
861;SAN;HOU
862;SAN;LAS
863;SAN;MCI
864;SAN;MCO
865;SAN;MDW
866;SAN;MSY
867;SAN;OAK
868;SAN;PDX
869;SAN;PHX
870;SAN;RNO
871;SAN;SAT
872;SAN;SEA
873;SAN;SFO
874;SAN;SJC
875;SAN;SLC
876;SAN;SMF
877;SAN;STL
878;SAN;TPA
879;SAN;TUS
880;SAT;ATL
881;SAT;BNA
882;SAT;BWI
883;SAT;DAL
884;SAT;DEN
885;SAT;ELP
886;SAT;FLL
887;SAT;HOU
888;SAT;LAS
889;SAT;LAX
890;SAT;MCI
891;SAT;MCO
892;SAT;MDW
893;SAT;MSY
894;SAT;OAK
895;SAT;PHX
896;SAT;SAN
897;SAT;STL
898;SAT;TPA
899;SDF;BWI
900;SDF;DEN
901;SDF;HOU
902;SDF;LAS
903;SDF;MCO
904;SDF;MDW
905;SDF;PHX
906;SDF;TPA
907;SEA;BWI
908;SEA;DAL
909;SEA;DEN
910;SEA;LAS
911;SEA;MCI
912;SEA;MDW
913;SEA;OAK
914;SEA;PHX
915;SEA;SAN
916;SEA;SJC
917;SEA;SMF
918;SEA;STL
919;SFO;AUS
920;SFO;BUR
921;SFO;DAL
922;SFO;DEN
923;SFO;LAS
924;SFO;LAX
925;SFO;MDW
926;SFO;PHX
927;SFO;SAN
928;SFO;STL
929;SJC;AUS
930;SJC;BOI
931;SJC;BUR
932;SJC;BWI
933;SJC;DAL
934;SJC;DEN
935;SJC;GEG
936;SJC;HOU
937;SJC;LAS
938;SJC;LAX
939;SJC;MCO
940;SJC;MDW
941;SJC;ONT
942;SJC;PDX
943;SJC;PHX
944;SJC;RNO
945;SJC;SAN
946;SJC;SEA
947;SJC;SLC
948;SJC;SNA
949;SJC;STL
950;SJC;TUS
951;SJU;BWI
952;SJU;FLL
953;SJU;MCO
954;SJU;MDW
955;SJU;TPA
956;SLC;BUR
957;SLC;BWI
958;SLC;DAL
959;SLC;DEN
960;SLC;HOU
961;SLC;LAS
962;SLC;LAX
963;SLC;MDW
964;SLC;OAK
965;SLC;PHX
966;SLC;SAN
967;SLC;SJC
968;SLC;SMF
969;SMF;AUS
970;SMF;BOI
971;SMF;BUR
972;SMF;BWI
973;SMF;DAL
974;SMF;DEN
975;SMF;GEG
976;SMF;LAS
977;SMF;LAX
978;SMF;LGB
979;SMF;MCO
980;SMF;MDW
981;SMF;MSY
982;SMF;ONT
983;SMF;PDX
984;SMF;PHX
985;SMF;SAN
986;SMF;SEA
987;SMF;SLC
988;SMF;SNA
989;SMF;STL
990;SNA;DAL
991;SNA;DEN
992;SNA;HOU
993;SNA;LAS
994;SNA;OAK
995;SNA;PHX
996;SNA;SJC
997;SNA;SMF
998;STL;ATL
999;STL;AUS
1000;STL;BDL
1001;STL;BNA
1002;STL;BOS
1003;STL;BWI
1004;STL;CLE
1005;STL;CMH
1006;STL;DAL
1007;STL;DCA
1008;STL;DEN
1009;STL;DSM
1010;STL;DTW
1011;STL;EWR
1012;STL;FLL
1013;STL;HOU
1014;STL;ICT
1015;STL;LAS
1016;STL;LAX
1017;STL;LGA
1018;STL;LIT
1019;STL;MCI
1020;STL;MCO
1021;STL;MDW
1022;ELP;SAN
1023;EWR;BNA
1024;EWR;OAK
1025;FLL;LAS
1026;GRR;MCO
1027;GRR;RSW
1028;JAX;DAL
1029;LAS;FLL
1030;MCI;RSW
1031;MCO;GRR
1032;MSY;PIT
1033;MSY;RDU
1034;OAK;EWR
1035;OKC;BNA
1036;PIT;MSY
1037;RDU;MSY
1038;RNO;DAL
1039;RSW;DAL
1040;RSW;MCI
1041;SAN;ELP
1042;SDF;DAL
1043;SJC;ABQ
1044;SJC;ELP
1045;SMF;HOU
1046;STL;MKE
1047;STL;MSP
1048;STL;MSY
1049;STL;OKC
1050;STL;OMA
1051;STL;PDX
1052;STL;PHL
1053;STL;PHX
1054;STL;PIT
1055;STL;RDU
1056;STL;RSW
1057;STL;SAN
1058;STL;SAT
1059;STL;SEA
1060;STL;SFO
1061;STL;SJC
1062;STL;SMF
1063;STL;TPA
1064;STL;TUL
1065;TPA;ALB
1066;TPA;ATL
1067;TPA;AUS
1068;TPA;BDL
1069;TPA;BHM
1070;TPA;BNA
1071;TPA;BUF
1072;TPA;BWI
1073;TPA;CMH
1074;TPA;DAL
1075;TPA;DCA
1076;TPA;DEN
1077;TPA;FLL
1078;TPA;HOU
1079;TPA;IND
1080;TPA;ISP
1081;TPA;LAS
1082;TPA;LAX
1083;TPA;LGA
1084;TPA;MCI
1085;TPA;MDW
1086;TPA;MEM
1087;TPA;MHT
1088;TPA;MKE
1089;TPA;MSY
1090;TPA;PHL
1091;TPA;PHX
1092;TPA;PIT
1093;TPA;PVD
1094;TPA;ROC
1095;TPA;SAT
1096;TPA;SDF
1097;TPA;SJU
1098;TPA;STL
1099;TUL;DAL
1100;TUL;DEN
1101;TUL;HOU
1102;TUL;LAS
1103;TUL;PHX
1104;TUL;STL
1105;TUS;DAL
1106;TUS;DEN
1107;TUS;LAS
1108;TUS;LAX
1109;TUS;MDW
1110;TUS;SAN
1111;TUS;SJC
1112;ABQ;BWI
1113;ABQ;DAL
1114;ABQ;DEN
1115;ABQ;HOU
1116;ABQ;LAS
1117;ABQ;LAX
1118;ABQ;MCI
1119;ABQ;MDW
1120;ABQ;OAK
1121;ABQ;PHX
1122;ABQ;SAN
1123;ALB;BWI
1124;ALB;FLL
1125;ALB;MCO
1126;ALB;MDW
1127;ALB;TPA
1128;AMA;DAL
1129;AMA;LAS
1130;ATL;AUS
1131;ATL;BNA
1132;ATL;BOS
1133;ATL;BWI
1134;ATL;CLE
1135;ATL;CMH
1136;ATL;DAL
1137;ATL;DCA
1138;ATL;DEN
1139;ATL;DTW
1140;ATL;FLL
1141;ATL;HOU
1142;ATL;IAD
1143;ATL;IND
1144;ATL;JAX
1145;ATL;LAS
1146;ATL;LAX
1147;ATL;LGA
1148;ATL;MCI
1149;ATL;MCO
1150;ATL;MDW
1151;ATL;MKE
1152;ATL;MSP
1153;ATL;MSY
1154;ATL;OAK
1155;ATL;PBI
1156;ATL;PHL
1157;ATL;PHX
1158;ATL;PIT
1159;ATL;RDU
1160;ATL;RIC
1161;ATL;RSW
1162;ATL;SAN
1163;ATL;SAT
1164;ATL;STL
1165;ATL;TPA
1166;AUS;ATL
1167;AUS;BNA
1168;AUS;BOS
1169;AUS;BWI
1170;AUS;DAL
1171;AUS;DCA
1172;AUS;DEN
1173;AUS;ELP
1174;AUS;EWR
1175;AUS;FLL
1176;AUS;HOU
1177;AUS;HRL
1178;AUS;LAS
1179;AUS;LAX
1180;AUS;LBB
1181;AUS;MCI
1182;AUS;MCO
1183;AUS;MDW
1184;AUS;MSY
1185;AUS;OAK
1186;AUS;PHX
1187;AUS;SAN
1188;AUS;SFO
1189;AUS;SJC
1190;AUS;SMF
1191;AUS;STL
1192;AUS;TPA
1193;BDL;BWI
1194;BDL;FLL
1195;BDL;MCO
1196;BDL;MDW
1197;BDL;RSW
1198;BDL;STL
1199;BDL;TPA
1200;BHM;BWI
1201;BHM;DAL
1202;BHM;HOU
1203;BHM;LAS
1204;BHM;MCO
1205;BHM;MDW
1206;BHM;TPA
1207;BNA;ATL
1208;BNA;AUS
1209;BNA;BOS
1210;BNA;BWI
1211;BNA;CHS
1212;BNA;CLE
1213;BNA;CLT
1214;BNA;CMH
1215;BNA;DAL
1216;BNA;DCA
1217;BNA;DEN
1218;BNA;DTW
1219;BNA;ECP
1220;BNA;EWR
1221;BNA;FLL
1222;BNA;HOU
1223;BNA;JAX
1224;BNA;LAS
1225;BNA;LAX
1226;BNA;LGA
1227;BNA;MCI
1228;BNA;MCO
1229;BNA;MDW
1230;BNA;MKE
1231;BNA;MSP
1232;BNA;MSY
1233;BNA;OAK
1234;BNA;PHL
1235;BNA;PHX
1236;BNA;PIT
1237;BNA;PNS
1238;BNA;RDU
1239;BNA;SAN
1240;BNA;SAT
1241;BNA;STL
1242;BNA;TPA
1243;BOI;DEN
1244;BOI;GEG
1245;BOI;LAS
1246;BOI;OAK
1247;BOI;PHX
1248;BOI;SAN
1249;BOI;SJC
1250;BOI;SMF
1251;BOS;ATL
1252;BOS;AUS
1253;BOS;BNA
1254;BOS;BWI
1255;BOS;CMH
1256;BOS;DAL
1257;BOS;DEN
1258;BOS;HOU
1259;BOS;IND
1260;BOS;MCI
1261;BOS;MDW
1262;BOS;MKE
1263;BOS;STL
1264;BUF;BWI
1265;BUF;FLL
1266;BUF;LAS
1267;BUF;MCO
1268;BUF;MDW
1269;BUF;PHX
1270;BUF;TPA
1271;BUR;DAL
1272;BUR;DEN
1273;BUR;HOU
1274;BUR;LAS
1275;BUR;MDW
1276;BUR;OAK
1277;BUR;PDX
1278;BUR;PHX
1279;BUR;SFO
1280;BUR;SJC
1281;BUR;SLC
1282;BUR;SMF
1283;BWI;ABQ
1284;BWI;ALB
1285;BWI;ATL
1286;BWI;AUS
1287;BWI;BDL
1288;BWI;BHM
1289;BWI;BNA
1290;BWI;BOS
1291;BWI;BUF
1292;BWI;CHS
1293;BWI;CLE
1294;BWI;CLT
1295;BWI;CMH
1296;BWI;CVG
1297;BWI;DAL
1298;BWI;DEN
1299;BWI;DTW
1300;BWI;FLL
1301;BWI;GRR
1302;BWI;HOU
1303;BWI;IND
1304;BWI;ISP
1305;BWI;JAX
1306;BWI;LAS
1307;BWI;LAX
1308;BWI;MCI
1309;BWI;MCO
1310;BWI;MDW
1311;BWI;MEM
1312;BWI;MHT
1313;BWI;MKE
1314;BWI;MSP
1315;BWI;MSY
1316;BWI;OAK
1317;BWI;OKC
1318;BWI;ORF
1319;BWI;PBI
1320;BWI;PHX
1321;BWI;PIT
1322;BWI;PVD
1323;BWI;PWM
1324;BWI;RDU
1325;BWI;ROC
1326;BWI;RSW
1327;BWI;SAN
1328;BWI;SAT
1329;BWI;SDF
1330;BWI;SJU
1331;BWI;STL
1332;BWI;TPA
1333;CHS;BNA
1334;CHS;BWI
1335;CHS;DAL
1336;CHS;HOU
1337;CHS;MDW
1338;CLE;ATL
1339;CLE;BNA
1340;CLE;BWI
1341;CLE;DEN
1342;CLE;LAS
1343;CLE;MDW
1344;CLE;MKE
1345;CLE;PHX
1346;CLE;STL
1347;CLT;BNA
1348;CLT;BWI
1349;CLT;DAL
1350;CLT;HOU
1351;CLT;MDW
1352;CMH;ATL
1353;CMH;BNA
1354;CMH;BOS
1355;CMH;BWI
1356;CMH;DAL
1357;CMH;DCA
1358;CMH;DEN
1359;CMH;FLL
1360;CMH;HOU
1361;CMH;LAS
1362;CMH;MCO
1363;CMH;MDW
1364;CMH;PHX
1365;CMH;RSW
1366;CMH;STL
1367;CMH;TPA
1368;CRP;HOU
1369;CVG;BWI
1370;CVG;DEN
1371;CVG;MDW
1372;DAL;ABQ
1373;DAL;AMA
1374;DAL;ATL
1375;DAL;AUS
1376;DAL;BHM
1377;DAL;BNA
1378;DAL;BOS
1379;DAL;BUR
1380;DAL;BWI
1381;DAL;CHS
1382;DAL;CLT
1383;DAL;CMH
1384;DAL;DCA
1385;DAL;DEN
1386;DAL;DTW
1387;DAL;ECP
1388;DAL;ELP
1389;DAL;FLL
1390;DAL;HOU
1391;DAL;IND
1392;DAL;JAX
1393;DAL;LAS
1394;DAL;LAX
1395;DAL;LBB
1396;DAL;LGA
1397;DAL;LIT
1398;DAL;MAF
1399;DAL;MCI
1400;DAL;MCO
1401;DAL;MDW
1402;DAL;MEM
1403;DAL;MKE
1404;DAL;MSP
1405;DAL;MSY
1406;DAL;OAK
1407;DAL;OKC
1408;DAL;OMA
1409;DAL;ONT
1410;DAL;PDX
1411;DAL;PHL
1412;DAL;PHX
1413;DAL;PIT
1414;DAL;RDU
1415;DAL;RSW
1416;DAL;SAN
1417;DAL;SAT
1418;DAL;SDF
1419;DAL;SEA
1420;DAL;SFO
1421;DAL;SJC
1422;DAL;SLC
1423;DAL;SMF
1424;DAL;SNA
1425;DAL;STL
1426;DAL;TPA
1427;DAL;TUL
1428;DCA;ATL
1429;DCA;AUS
1430;DCA;BNA
1431;DCA;CMH
1432;DCA;DAL
1433;DCA;FLL
1434;DCA;HOU
1435;DCA;MCI
1436;DCA;MCO
1437;DCA;MDW
1438;DCA;MKE
1439;DCA;MSY
1440;DCA;OKC
1441;DCA;OMA
1442;DCA;PVD
1443;DCA;STL
1444;DCA;TPA
1445;DEN;ABQ
1446;DEN;ATL
1447;DEN;AUS
1448;DEN;BNA
1449;DEN;BOI
1450;DEN;BOS
1451;DEN;BUR
1452;DEN;BWI
1453;DEN;CLE
1454;DEN;CMH
1455;DEN;CVG
1456;DEN;DAL
1457;DEN;DTW
1458;DEN;ELP
1459;DEN;EWR
1460;DEN;FLL
1461;DEN;GEG
1462;ECP;DAL
1463;MKE;DAL
1464;MSP;DAL
1465;RSW;GRR
1466;LAS;EUG
1467;PSC;AZA
1468;FNT;SFB
1469;DAY;PIE
1470;AZA;CID
1471;USA;PIE
1472;SFB;ELM
1473;GRR;FLL
1474;ALB;PIE
1475;GTF;LAS
1476;SFB;HGR
1477;PIE;FNT
1478;OMA;SFB
1479;DAY;PGD
1480;STC;PGD
1481;SYR;SFB
1482;PGD;LEX
1483;AZA;GTF
1484;AZA;PVU
1485;TYS;FLL
1486;SFB;CKB
1487;LAS;GJT
1488;USA;FLL
1489;BIS;LAS
1490;SFB;SYR
1491;GRR;PGD
1492;MLI;PGD
1493;GSO;PIE
1494;PIE;SBN
1495;ORF;FLL
1496;PIT;PGD
1497;GRR;PIE
1498;SFB;SJU
1499;PIE;USA
1500;FAT;LAS
1501;MFE;LAS
1502;MCI;PIE
1503;ABE;FLL
1504;FLL;CVG
1505;FSD;AZA
1506;SFB;LEX
1507;SCK;LAS
1508;SFB;CHA
1509;AZA;RAP
1510;PIE;OMA
1511;CLE;PGD
1512;GSO;SFB
1513;PIE;GSP
1514;SBN;PGD
1515;TYS;PIE
1516;LAS;SHV
1517;CVG;FLL
1518;SFB;FAR
1519;PIE;GSO
1520;SFB;CVG
1521;CVG;SRQ
1522;PIE;BGR
1523;PGD;AVL
1524;CVG;VPS
1525;LCK;SFB
1526;LAS;FAT
1527;SFB;ABE
1528;SAV;BWI
1529;PGD;SWF
1530;EVV;SFB
1531;FWA;SFB
1532;AVL;FLL
1533;DSM;PIE
1534;LCK;PGD
1535;FWA;PIE
1536;LEX;PGD
1537;PIE;TOL
1538;SFB;HTS
1539;SFB;RDU
1540;FNT;PIE
1541;PGD;GRR
1542;ROA;SFB
1543;AZA;MOT
1544;ELM;SFB
1545;OKC;LAX
1546;CVG;AZA
1547;SFB;BIS
1548;AVL;SFB
1549;SFB;BMI
1550;LEX;PIE
1551;BGR;SFB
1552;EUG;AZA
1553;ABE;SFB
1554;AZA;ATW
1555;PIE;CHA
1556;PGD;SYR
1557;SBN;SFB
1558;SFB;ROC
1559;MLI;AZA
1560;ALB;PGD
1561;FLL;LEX
1562;ATW;SFB
1563;AZA;IDA
1564;LAS;SMX
1565;PGD;DAY
1566;VPS;CVG
1567;LAX;BLI
1568;PIE;CLE
1569;LAS;XNA
1570;AZA;BLV
1571;IND;PIE
1572;LAS;BLI
1573;XNA;SFB
1574;PIE;ORF
1575;BLI;PSP
1576;FNT;FLL
1577;LAX;CVG
1578;SFB;BLV
1579;PIE;RDU
1580;FLL;AVL
1581;AZA;DSM
1582;SFB;BGR
1583;SFB;TYS
1584;PGD;PIT
1585;BLI;LAX
1586;PIE;ALB
1587;LEX;SFB
1588;AZA;BIL
1589;ORF;PIE
1590;SFB;FNT
1591;PIE;SYR
1592;TYS;PGD
1593;LAS;CVG
1594;PGD;FNT
1595;FLL;USA
1596;LRD;LAS
1597;TOL;PIE
1598;MEM;FLL
1599;GRR;SFB
1600;PIE;CVG
1601;AZA;BIS
1602;SYR;FLL
1603;BLI;LAS
1604;PGD;DSM
1605;TUL;LAX
1606;BLV;LAS
1607;FLL;ORF
1608;MSO;LAS
1609;LCK;PIE
1610;FLL;PBG
1611;SYR;PGD
1612;GJT;LAS
1613;ABQ;AUS
1614;OAK;AZA
1615;PGD;CVG
1616;PGD;TOL
1617;CID;AZA
1618;PGD;SDF
1619;SBN;LAS
1620;EWR;AVL
1621;LIT;SFB
1622;GRI;LAS
1623;PVD;PGD
1624;SFB;PBG
1625;GFK;LAS
1626;RFD;PGD
1627;LAS;CID
1628;SFB;SWF
1629;PIE;RFD
1630;TUS;BLI
1631;BOI;AZA
1632;CVG;EWR
1633;EWR;SAV
1634;TYS;LAS
1635;FLL;LCK
1636;PIE;SGF
1637;LAS;BIL
1638;PIE;LEX
1639;SFB;CID
1640;PIA;AZA
1641;MDT;SFB
1642;MEM;LAX
1643;PGD;ALB
1644;AZA;GRR
1645;BMI;PIE
1646;PIE;MEM
1647;BLI;AZA
1648;MLI;SFB
1649;SFB;RFD
1650;LAS;BLV
1651;LAX;MFR
1652;PSP;BLI
1653;SFB;ATW
1654;CID;SFB
1655;SMX;LAS
1656;AZA;GFK
1657;JAX;CVG
1658;MCI;PGD
1659;TYS;SFB
1660;LAX;MEM
1661;BLI;TUS
1662;BLI;SAN
1663;LAS;SCK
1664;RDU;SJU
1665;SFB;OWB
1666;LAS;RFD
1667;PIE;AVL
1668;MEM;LAS
1669;AZA;FWA
1670;IND;PGD
1671;GSP;FLL
1672;IND;SRQ
1673;EUG;LAS
1674;PIE;HTS
1675;FSD;PIE
1676;VPS;BLV
1677;MSY;USA
1678;CID;PGD
1679;PSM;PGD
1680;PIE;IND
1681;PGD;BLV
1682;ATW;PIE
1683;AZA;BOI
1684;MKE;PIE
1685;AZA;BZN
1686;SFB;GSO
1687;PIE;RIC
1688;PIE;FWA
1689;ABE;PIE
1690;PGD;RFD
1691;PIE;TYS
1692;LAX;OKC
1693;LAS;AZA
1694;FLL;SDF
1695;PGD;ABE
1696;PIA;PGD
1697;FCA;LAS
1698;PIE;GRR
1699;SFB;OGS
1700;BZN;LAS
1701;RIC;PIE
1702;PGD;ATW
1703;AZA;OMA
1704;CVG;LAX
1705;FAR;AZA
1706;SHV;LAS
1707;CVG;CHS
1708;SFB;IND
1709;LAS;MOT
1710;LAS;GTF
1711;SRQ;PIT
1712;LAS;MFR
1713;SFB;MLI
1714;MRY;LAS
1715;PGD;USA
1716;PGD;TYS
1717;FAR;SFB
1718;MSY;CVG
1719;PBG;FLL
1720;PGD;IND
1721;SWF;SFB
1722;GRR;AZA
1723;SFB;SBN
1724;PVU;AZA
1725;BZN;AZA
1726;SFB;AVL
1727;RFD;LAS
1728;PBG;PIE
1729;AZA;RFD
1730;AZA;LAS
1731;PIE;DSM
1732;RFD;AZA
1733;PIA;PIE
1734;PGD;PSM
1735;IND;SFB
1736;SFB;ROA
1737;FLL;MEM
1738;OAK;BLI
1739;AZA;BLI
1740;RDU;PIE
1741;CHS;CVG
1742;CVG;SFB
1743;PGD;MDT
1744;LAS;MFE
1745;IAG;PGD
1746;IND;JAX
1747;LAS;GRR
1748;SFB;ALB
1749;SFB;USA
1750;SBN;PIE
1751;SPI;PGD
1752;XNA;LAS
1753;AVL;EWR
1754;SDF;PGD
1755;SFB;EVV
1756;PGD;RDU
1757;OGD;AZA
1758;FLL;TYS
1759;SGF;PIE
1760;PIE;BNA
1761;MSO;AZA
1762;RFD;PIE
1763;PBG;SFB
1764;LAS;GFK
1765;BLV;PGD
1766;SJU;RDU
1767;BIL;AZA
1768;AZA;SGU
1769;PGD;MLI
1770;AZA;OAK
1771;PGD;OMA
1772;DSM;AZA
1773;SFB;SGF
1774;LAS;BZN
1775;PIT;SFB
1776;CVG;JAX
1777;PGD;BNA
1778;FNT;PGD
1779;PGD;SPI
1780;PIE;ABE
1781;MDT;PIE
1782;AZA;FSD
1783;FSD;LAS
1784;AVL;PIE
1785;ALB;SFB
1786;SFB;MDT
1787;LAS;MEM
1788;AZA;SGF
1789;BNA;PGD
1790;LAS;PSC
1791;MOT;AZA
1792;OMA;PGD
1793;SDF;PIE
1794;GSP;SFB
1795;PIT;PIE
1796;LAS;PIA
1797;LAS;RAP
1798;ROA;PIE
1799;LAS;TYS
1800;TRI;SFB
1801;PIE;BLV
1802;AZA;GRI
1803;SFB;FWA
1804;OAK;EUG
1805;CVG;PGD
1806;CVG;PIE
1807;AZA;FAR
1808;LEX;FLL
1809;SWF;PGD
1810;GRI;AZA
1811;RAP;LAS
1812;SFB;GPT
1813;SFB;GRR
1814;OMA;AZA
1815;PIE;PBG
1816;MKE;AZA
1817;DSM;SFB
1818;RFD;SFB
1819;PGD;ROC
1820;EUG;OAK
1821;PIA;SFB
1822;AZA;CVG
1823;BLV;AZA
1824;PGD;MCI
1825;SCK;AZA
1826;BMI;SFB
1827;SGU;AZA
1828;RIC;BNA
1829;SFB;XNA
1830;FAR;LAS
1831;LAX;EUG
1832;SYR;PIE
1833;RDU;SFB
1834;SJU;CVG
1835;FWA;PGD
1836;PIE;SWF
1837;IAG;SFB
1838;LAS;SBN
1839;PGD;FWA
1840;MFR;LAX
1841;SRQ;IND
1842;PIE;MCI
1843;CVG;LAS
1844;BNA;PIE
1845;VPS;MCI
1846;CID;PIE
1847;SFB;SDF
1848;GSP;PIE
1849;SWF;PIE
1850;LAS;FAR
1851;SDF;FLL
1852;LAS;GRI
1853;BIS;SFB
1854;PGD;STC
1855;ATW;AZA
1856;SFB;IAG
1857;PGD;IAG
1858;CVG;AUS
1859;IDA;AZA
1860;PGD;PIA
1861;FLL;ABE
1862;SFB;TOL
1863;MKE;SFB
1864;BIS;AZA
1865;SFB;MEM
1866;RAP;AZA
1867;ELM;PIE
1868;BNA;RIC
1869;PIE;PIA
1870;PGD;SBN
1871;LCK;FLL
1872;SFB;DSM
1873;SFB;MKE
1874;FLL;GRR
1875;SAV;CVG
1876;SGF;SFB
1877;AZA;OGD
1878;PIA;LAS
1879;LAS;LRD
1880;LAS;FSD
1881;PSC;LAS
1882;SFB;GSP
1883;TOL;SFB
1884;CVG;MSY
1885;AVL;PGD
1886;CID;LAS
1887;PGD;CLE
1888;PVU;TUS
1889;AZA;EUG
1890;PGD;LCK
1891;AZA;STC
1892;USA;SFB
1893;PVU;LAX
1894;IDA;LAS
1895;PIE;ATW
1896;RDU;PGD
1897;LAS;BIS
1898;SFB;PSM
1899;PGD;CID
1900;ROC;SFB
1901;ATW;LAS
1902;PIE;BMI
1903;AUS;IND
1904;SBN;AZA
1905;BLI;OAK
1906;GFK;AZA
1907;CKB;SFB
1908;MLI;LAS
1909;SJU;PIT
1910;LAX;PVU
1911;PIE;LCK
1912;HTS;SFB
1913;FSD;SFB
1914;SGF;LAS
1915;AZA;ICT
1916;EWR;VPS
1917;MDT;PGD
1918;AZA;SBN
1919;MEM;SFB
1920;PSM;SFB
1921;OWB;SFB
1922;CHA;PIE
1923;EUG;LAX
1924;LAS;FCA
1925;SFB;FSD
1926;AZA;PIA
1927;LAX;SGF
1928;SJU;SFB
1929;LAX;MTJ
1930;EWR;TYS
1931;SDF;SFB
1932;BGR;PIE
1933;PIE;MKE
1934;AZA;MSO
1935;SFB;RIC
1936;SFB;ORF
1937;PGD;PVD
1938;ABE;PGD
1939;ORF;SFB
1940;LAS;MLI
1941;PIE;MLI
1942;TUL;SFB
1943;BLV;PIE
1944;MEM;PIE
1945;LAX;TUL
1946;SFB;PIT
1947;AZA;PSC
1948;PIE;CID
1949;MTJ;LAX
1950;AUS;ABQ
1951;AZA;MLI
1952;GSO;CLT
1953;PHL;ORF
1954;TYS;CLT
1955;BTR;CLT
1956;CLT;BTR
1957;DCA;GSP
1958;GSP;DCA
1959;MHT;CLT
1960;CLT;MSY
1961;MSY;CLT
1962;SDF;CLT
1963;ALB;DCA
1964;DCA;ALB
1965;DCA;SAV
1966;PHL;TYS
1967;MSN;PHL
1968;BTV;CLT
1969;CLT;BTV
1970;DAY;LGA
1971;LGA;DAY
1972;CLT;AVP
1973;CLT;IND
1974;IND;CLT
1975;CLT;ILM
1976;DCA;TYS
1977;OMA;CLT
1978;GSP;PHL
1979;BUF;CLT
1980;CLT;BUF
1981;CHO;CLT
1982;CLT;CHO
1983;AVL;CLT
1984;CLT;LIT
1985;LIT;CLT
1986;CLE;CLT
1987;CLT;CLE
1988;CLT;ORF
1989;CLT;MSN
1990;MSN;CLT
1991;CAK;CLT
1992;PNS;CLT
1993;CLT;LEX
1994;LEX;CLT
1995;CLT;CAE
1996;CLT;VPS
1997;VPS;CLT
1998;MKE;CLT
1999;CLT;JAN
2000;JAN;CLT
2001;SYR;CLT
2002;CLT;DTW
2003;DTW;CLT
2004;DCA;RDU
2005;CLT;GSP
2006;SYR;DCA
2007;ORF;DCA
2008;CLT;PNS
2009;DCA;IND
2010;CLT;PVD
2011;PVD;CLT
2012;ROC;DCA
2013;CLT;MLB
2014;CLT;STL
2015;MLB;CLT
2016;PHL;CVG
2017;ORF;CLT
2018;RDU;DCA
2019;CLT;FAY
2020;FAY;CLT
2021;DCA;PNS
2022;DCA;JAX
2023;JAX;DCA
2024;CLT;OMA
2025;CLT;SAV
2026;BGR;DCA
2027;DCA;BGR
2028;BHM;DCA
2029;DCA;BHM
2030;CHS;DCA
2031;DCA;CHS
2032;DCA;SDF
2033;SDF;DCA
2034;ITH;CLT
2035;ORF;PHL
2036;CLT;GPT
2037;SAV;CLT
2038;CLT;TYS
2039;BDL;DCA
2040;DCA;BDL
2041;GPT;CLT
2042;CLT;ITH
2043;DCA;PWM
2044;PWM;DCA
2045;LGA;CAK
2046;BHM;PHL
2047;CLT;BHM
2048;PHL;BHM
2049;CLT;DAB
2050;DAB;CLT
2051;CVG;PHL
2052;CLT;OAJ
2053;OAJ;CLT
2054;CLT;RIC
2055;RIC;CLT
2056;GSP;CLT
2057;DAY;CLT
2058;CLT;ABE
2059;CLT;SDF
2060;CHA;CLT
2061;CLT;CHA
2062;DCA;GSO
2063;CAE;CLT
2064;CLT;CRW
2065;CLT;AVL
2066;PHL;GSP
2067;CLT;HSV
2068;HSV;CLT
2069;PHL;MSN
2070;SAV;PHL
2071;CLT;MEM
2072;MEM;CLT
2073;HPN;CLT
2074;CLT;GSO
2075;CLT;CAK
2076;CLT;MKE
2077;BDL;PHL
2078;PHL;BDL
2079;CLT;GNV
2080;PHL;DAY
2081;CLT;SHV
2082;SHV;CLT
2083;TLH;CLT
2084;CLT;CID
2085;BHM;CLT
2086;CLT;MHT
2087;CLT;DCA
2088;CAK;LGA
2089;DCA;SYR
2090;CLT;PWM
2091;PWM;CLT
2092;CLT;JAX
2093;JAX;CLT
2094;CLT;HPN
2095;BOS;TPA
2096;TPA;BOS
2097;ORD;JFK
2098;HPN;FLL
2099;FLL;HPN
2100;JFK;SFO
2101;SFO;JFK
2102;BOS;JFK
2103;SRQ;BOS
2104;LAS;JFK
2105;BOS;MCO
2106;MCO;BOS
2107;RIC;MCO
2108;MCO;RIC
2109;LGA;FLL
2110;RDU;BOS
2111;BOS;LAX
2112;LAX;BOS
2113;BOS;DCA
2114;MCO;JFK
2115;LGB;SEA
2116;SEA;LGB
2117;BOS;ORD
2118;ORD;BOS
2119;JFK;LGB
2120;PBI;BOS
2121;STT;SJU
2122;SJU;STT
2123;SAV;JFK
2124;EWR;PBI
2125;PBI;EWR
2126;PBI;JFK
2127;BOS;PHL
2128;PBI;HPN
2129;FLL;BOS
2130;BOS;LAS
2131;LAS;BOS
2132;BOS;RIC
2133;FLL;SYR
2134;FLL;BQN
2135;AUS;JFK
2136;LGA;MCO
2137;JFK;ORD
2138;BOS;JAX
2139;BOS;DFW
2140;CLT;JFK
2141;JFK;CLT
2142;PDX;LGB
2143;FLL;CHS
2144;CHS;FLL
2145;LGB;SFO
2146;BOS;DTW
2147;BDL;PBI
2148;PBI;BDL
2149;RIC;FLL
2150;FLL;RIC
2151;DCA;BOS
2152;LGA;PBI
2153;JFK;MCO
2154;MCO;LGA
2155;JFK;FLL
2156;FLL;JFK
2157;JFK;PDX
2158;PDX;JFK
2159;JAX;BOS
2160;DFW;BOS
2161;BOS;BUF
2162;BUF;BOS
2163;LAX;JFK
2164;BOS;LGA
2165;LGA;BOS
2166;SFO;LGB
2167;BOS;CLT
2168;CLT;BOS
2169;HPN;RSW
2170;RSW;HPN
2171;PBI;LGA
2172;RSW;BOS
2173;FLL;LGA
2174;JFK;CHS
2175;CHS;JFK
2176;EWR;BOS
2177;RIC;BOS
2178;BOS;PIT
2179;PIT;BOS
2180;EWR;SJU
2181;SJU;EWR
2182;MCO;HPN
2183;JFK;AUS
2184;SJU;JFK
2185;JFK;LAX
2186;DTW;BOS
2187;DCA;SJU
2188;SJU;DCA
2189;JFK;SJU
2190;LGB;AUS
2191;AUS;LGB
2192;HPN;TPA
2193;EWR;RSW
2194;RSW;EWR
2195;HPN;PBI
2196;DCA;RSW
2197;RSW;DCA
2198;JFK;LAS
2199;RSW;JFK
2200;BTV;JFK
2201;JFK;BTV
2202;BOS;CHS
2203;BOS;EWR
2204;JFK;RSW
2205;PBI;DCA
2206;BOS;MSP
2207;MSP;BOS
2208;PHL;BOS
2209;SYR;JFK
2210;LGB;PDX
2211;BOS;SFO
2212;CLE;BOS
2213;BOS;CLE
2214;BOS;RSW
2215;ORH;MCO
2216;HPN;MCO
2217;SJC;LGB
2218;LGB;SJC
2219;EWR;TPA
2220;JFK;BUF
2221;ORH;FLL
2222;FLL;ORH
2223;TPA;EWR
2224;JFK;PBI
2225;BOS;FLL
2226;BDL;SJU
2227;SJU;BDL
2228;BUR;BOS
2229;BOS;BUR
2230;BOS;SRQ
2231;BUR;JFK
2232;JFK;BUR
2233;LGB;BOS
2234;BOS;LGB
2235;JFK;SYR
2236;JFK;TPA
2237;TPA;JFK
2238;MCO;BQN
2239;BQN;MCO
2240;BOS;PBI
2241;LAX;FLL
2242;FLL;LAX
2243;LGB;JFK
2244;BOS;SAN
2245;SAN;BOS
2246;LGB;RNO
2247;RNO;LGB
2248;BOS;SAV
2249;SAV;BOS
2250;BOS;SJU
2251;JFK;SEA
2252;JFK;ABQ
2253;ABQ;JFK
2254;JFK;SLC
2255;SLC;JFK
2256;MSY;JFK
2257;RNO;JFK
2258;JFK;RNO
2259;JFK;SAN
2260;SAN;JFK
2261;JFK;DEN
2262;DEN;JFK
2263;MCO;LAX
2264;LAX;MCO
2265;SFO;BOS
2266;JFK;PHX
2267;PHX;JFK
2268;JFK;PSP
2269;PSP;JFK
2270;JFK;SMF
2271;SMF;JFK
2272;JFK;SRQ
2273;JFK;OAK
2274;OAK;JFK
2275;ROC;JFK
2276;BOS;SEA
2277;SLC;LGB
2278;LGB;SLC
2279;SEA;JFK
2280;FLL;SFO
2281;SFO;FLL
2282;HOU;JFK
2283;JFK;ROC
2284;FLL;SLC
2285;SLC;FLL
2286;MCO;ORH
2287;ONT;JFK
2288;JFK;ONT
2289;SYR;BOS
2290;MSY;BOS
2291;BOS;MSY
2292;DCA;PBI
2293;SWF;MCO
2294;SJU;BOS
2295;BOS;SJC
2296;SJC;BOS
2297;BUF;LAX
2298;LAX;BUF
2299;SEA;BOS
2300;JFK;ATL
2301;ATL;JFK
2302;FLL;SAN
2303;SAN;FLL
2304;SWF;FLL
2305;FLL;SWF
2306;TPA;HPN
2307;ORD;FLL
2308;FLL;ORD
2309;JFK;MSY
2310;JFK;HOU
2311;PHX;BOS
2312;BOS;PHX
2313;BOS;SLC
2314;SLC;BOS
2315;SYR;MCO
2316;MCO;SYR
2317;CLE;FLL
2318;FLL;CLE
2319;MCO;PSE
2320;PSE;MCO
2321;JFK;SJC
2322;SJC;JFK
2323;ORH;JFK
2324;JFK;ORH
2325;ROC;BOS
2326;BOS;ROC
2327;JFK;PSE
2328;MCO;SLC
2329;SLC;MCO
2330;BQN;JFK
2331;JFK;BQN
2332;BOS;SYR
2333;MCO;SWF
2334;BQN;FLL
2335;FLL;HDN
2336;HDN;FLL
2337;ORD;SAN
2338;SAN;ORD
2339;MSY;CLE
2340;CLE;MSY
2341;CLE;MCO
2342;MCO;CLE
2343;ORD;IAH
2344;FLL;MSP
2345;MSP;FLL
2346;DTW;RSW
2347;RSW;DTW
2348;LAS;MSP
2349;FLL;IAH
2350;IAH;SAN
2351;DTW;MCI
2352;MCI;DTW
2353;ORD;LGA
2354;DTW;TPA
2355;TPA;DTW
2356;IAG;FLL
2357;MSY;IAH
2358;BWI;DFW
2359;IAH;MSY
2360;LAS;IAH
2361;EWR;IAH
2362;DTW;LAX
2363;LAX;DTW
2364;IAH;EWR
2365;MCO;IAH
2366;DFW;LGA
2367;FLL;LBE
2368;LBE;FLL
2369;TPA;ORD
2370;ORD;TPA
2371;LAX;ORD
2372;ORD;LAX
2373;FLL;GSO
2374;GSO;FLL
2375;EWR;LAS
2376;LAS;EWR
2377;ATL;ORD
2378;MSP;LAS
2379;EWR;MYR
2380;MYR;EWR
2381;DTW;MCO
2382;MCO;DTW
2383;GFK;MSP
2384;MSP;GFK
2385;IAH;DTW
2386;MSP;RST
2387;RST;MSP
2388;DTW;LAN
2389;LAN;DTW
2390;CID;DTW
2391;GEG;SEA
2392;SEA;GEG
2393;MSP;TUL
2394;TUL;MSP
2395;LGA;ORD
2396;LEX;DTW
2397;GSO;LGA
2398;MBS;DTW
2399;DTW;CID
2400;MSP;CID
2401;DTW;MBS
2402;GRR;MSP
2403;MSP;GRR
2404;SBN;MSP
2405;MSP;GRB
2406;MSP;SBN
2407;MSP;GTF
2408;HLN;MSP
2409;LGA;GSP
2410;MDT;DTW
2411;GTF;MSP
2412;DTW;HSV
2413;CLE;MSP
2414;SLC;HLN
2415;DTW;ROC
2416;MSP;HLN
2417;HLN;SLC
2418;DTW;MDT
2419;CID;MSP
2420;SDF;DTW
2421;LGA;GSO
2422;DTW;MKE
2423;MKE;DTW
2424;MSP;IAD
2425;IAD;MSP
2426;RIC;LGA
2427;BHM;LGA
2428;DTW;MSN
2429;IAH;LGA
2430;LGA;BHM
2431;LGA;RIC
2432;DTW;MEM
2433;MEM;DTW
2434;LGA;CLT
2435;CLT;LGA
2436;DTW;MHT
2437;MHT;DTW
2438;BIS;MSP
2439;DTW;OKC
2440;LNK;MSP
2441;MSP;LNK
2442;MSP;IAH
2443;OKC;DTW
2444;CVG;DTW
2445;DTW;CVG
2446;IAH;MSP
2447;BIL;SLC
2448;SLC;BIL
2449;MSP;BIS
2450;DTW;ORF
2451;ORF;DTW
2452;IAH;SLC
2453;DAY;MSP
2454;MSP;DAY
2455;DTW;OMA
2456;OMA;DTW
2457;MBS;MSP
2458;LGA;IAH
2459;MSN;DTW
2460;BIL;MSP
2461;MSP;BIL
2462;ATL;RST
2463;BNA;JFK
2464;MSP;ICT
2465;DTW;IAH
2466;IDA;SLC
2467;JFK;BNA
2468;ICT;MSP
2469;DFW;JFK
2470;DTW;SBN
2471;JFK;DFW
2472;SBN;DTW
2473;SLC;IAH
2474;DTW;PIT
2475;LGA;DFW
2476;DFW;MSP
2477;MSP;IND
2478;ATL;MLU
2479;MLU;ATL
2480;ATL;MOB
2481;MOB;ATL
2482;BOI;LAX
2483;LAX;BOI
2484;MSP;DFW
2485;DLH;MSP
2486;SLC;IDA
2487;ABY;ATL
2488;ATL;ABY
2489;DSM;SLC
2490;BOI;SEA
2491;ELP;SLC
2492;SLC;DSM
2493;MSP;DLH
2494;ATL;PIA
2495;PIA;ATL
2496;SEA;BOI
2497;DTW;ERI
2498;ERI;DTW
2499;SLC;ELP
2500;BOI;MSP
2501;MSP;BOI
2502;ASE;SLC
2503;ATL;ROA
2504;BOI;SLC
2505;GRB;DTW
2506;FAT;SLC
2507;SLC;FAT
2508;SLC;BOI
2509;ASE;LAX
2510;DTW;GRB
2511;LAX;ASE
2512;SLC;ASE
2513;ASE;ATL
2514;FAR;MSP
2515;MSP;FAR
2516;ATL;ASE
2517;DTW;GSP
2518;GSP;DTW
2519;RIC;DTW
2520;DTW;GSO
2521;GSO;DTW
2522;RST;ATL
2523;ATL;TRI
2524;IAD;DTW
2525;DTW;IAD
2526;DTW;HPN
2527;HPN;DTW
2528;ATL;BQK
2529;BQK;ATL
2530;ATL;VLD
2531;VLD;ATL
2532;ATL;CRW
2533;CRW;ATL
2534;DTW;CHA
2535;BZN;SLC
2536;SLC;BZN
2537;ATW;DTW
2538;CHA;DTW
2539;DTW;FWA
2540;DTW;IMT
2541;GTF;SLC
2542;SLC;GTF
2543;LSE;MSP
2544;MSP;LSE
2545;DTW;ESC
2546;ESC;DTW
2547;ABE;DTW
2548;DTW;ABE
2549;FWA;DTW
2550;COS;SLC
2551;SLC;COS
2552;SLC;GJT
2553;CPR;SLC
2554;DTW;SWF
2555;SWF;DTW
2556;DTW;MLI
2557;DTW;SCE
2558;SCE;DTW
2559;MSP;MLI
2560;MLI;DTW
2561;SEA;MKE
2562;SLC;MSN
2563;ROC;DTW
2564;CMX;ORD
2565;FWA;ORD
2566;EAU;ORD
2567;DEN;EAR
2568;IAD;PBG
2569;DEN;SGU
2570;LAX;SGU
2571;DEN;CNY
2572;ORD;FWA
2573;ORD;MBS
2574;DEN;VEL
2575;ORD;LWB
2576;LBF;DEN
2577;LWB;ORD
2578;IAD;SHD
2579;SHD;IAD
2580;MKG;ORD
2581;EAR;DEN
2582;HYS;DEN
2583;ORD;SLN
2584;SLN;HYS
2585;DEN;BFF
2586;PBG;IAD
2587;VEL;DEN
2588;ORD;SPI
2589;CNY;DEN
2590;GCC;DEN
2591;ORD;MKG
2592;ORD;SHD
2593;SHD;ORD
2594;ORD;UIN
2595;CKB;ORD
2596;MBS;ORD
2597;RKS;DEN
2598;IAD;CKB
2599;DEN;PUB
2600;PUB;LBL
2601;CGI;ORD
2602;ORD;PAH
2603;PAH;CGI
2604;DEN;LBL
2605;CGI;PAH
2606;ORD;CGI
2607;PAH;ORD
2608;ORD;AVL
2609;ORD;CMX
2610;ORD;EAU
2611;PUB;DEN
2612;LBL;PUB
2613;ORD;CKB
2614;CKB;IAD
2615;SPI;ORD
2616;UIN;ORD
2617;DEN;RKS
2618;LBL;DEN
2619;BFF;DEN
2620;IAD;LWB
2621;DVL;JMS
2622;JMS;DEN
2623;DEN;JMS
2624;DVL;DEN
2625;JMS;DVL
2626;LWB;IAD
2627;LAR;DEN
2628;DEN;LAR
2629;DEN;GCC
2630;SGU;LAX
2631;DEN;LBF
2632;AVL;ORD
2633;DEN;HYS
2634;HYS;SLN
2635;SLN;ORD
2636;SGU;DEN
2637;PRC;DEN
2638;DEN;PRC
2639;PRC;LAX
2640;LAX;PRC
2641;DLH;ORD
2642;ORD;DLH
2643;BNA;ORD
2644;SFO;EUG
2645;BIS;DEN
2646;ASE;IAH
2647;BIL;DEN
2648;SLC;SFO
2649;CLT;DEN
2650;DEN;BIL
2651;ONT;SFO
2652;DEN;CLT
2653;SDF;IAH
2654;COS;ORD
2655;SEA;LAX
2656;SFO;BOI
2657;BUF;ORD
2658;IAH;MKE
2659;PSP;SFO
2660;LAX;SAN
2661;ORD;COS
2662;BZN;SFO
2663;SFO;MRY
2664;DEN;SUN
2665;DEN;MFR
2666;DFW;LAX
2667;COS;IAH
2668;DCA;ORD
2669;DEN;DFW
2670;DEN;EUG
2671;OMA;SFO
2672;SFO;OMA
2673;DEN;FAR
2674;EGE;SFO
2675;DEN;COU
2676;ASE;DEN
2677;COS;DEN
2678;DEN;DRO
2679;DEN;XNA
2680;FSD;DEN
2681;DFW;DEN
2682;DSM;DEN
2683;SFO;SBA
2684;ORD;BHM
2685;FNT;ORD
2686;DTW;ORD
2687;SFO;GEG
2688;GRR;ORD
2689;DEN;COS
2690;SBA;SFO
2691;SFO;ONT
2692;IAH;SDF
2693;ORD;BIS
2694;IAH;COS
2695;SFO;MCI
2696;ORD;FNT
2697;CHA;ORD
2698;SFO;BFL
2699;EUG;DEN
2700;ORD;IND
2701;ORD;STL
2702;RDM;SFO
2703;RNO;SFO
2704;COU;DEN
2705;BOI;ORD
2706;ACV;SFO
2707;ORD;CHA
2708;MFR;SFO
2709;BFL;DEN
2710;DEN;DSM
2711;RIC;DEN
2712;SFO;XNA
2713;IAH;ATL
2714;ORD;ATL
2715;DEN;BIS
2716;MKE;IAH
2717;ORD;SBN
2718;SFO;FAT
2719;DEN;BZN
2720;ORD;XNA
2721;DEN;SGF
2722;PIA;ORD
2723;BHM;ORD
2724;SAT;SFO
2725;LAX;MRY
2726;LAX;FAT
2727;MCI;SFO
2728;MFR;DEN
2729;LAX;COS
2730;IAH;OMA
2731;PSP;LAX
2732;ORD;ICT
2733;SBN;ORD
2734;SAN;LAX
2735;SFO;SLC
2736;SFO;SAT
2737;ORD;DFW
2738;SFO;PSP
2739;ROC;ORD
2740;DEN;ASE
2741;ORD;PSP
2742;EUG;SFO
2743;MDT;ORD
2744;BOI;SFO
2745;ORD;TUS
2746;XNA;ORD
2747;DEN;MLI
2748;DSM;ORD
2749;COS;LAX
2750;DEN;GJT
2751;PIT;ORD
2752;SGF;DEN
2753;DEN;FSD
2754;DEN;RAP
2755;ORD;PIA
2756;OMA;ORD
2757;LEX;ORD
2758;SHV;DEN
2759;ORD;LEX
2760;FAT;SFO
2761;ORD;OKC
2762;FAT;LAX
2763;SFO;TUS
2764;SBA;DEN
2765;RDD;SFO
2766;SNA;SFO
2767;FAR;DEN
2768;DEN;SBP
2769;LAX;PSP
2770;DEN;RIC
2771;IAH;XNA
2772;MSP;SFO
2773;JAC;SFO
2774;OKC;SFO
2775;BZN;LAX
2776;DEN;EGE
2777;ORD;SLC
2778;DFW;ORD
2779;FAR;ORD
2780;DRO;DEN
2781;SFO;ABQ
2782;CHS;ORD
2783;SFO;MFR
2784;SFO;PDX
2785;SFO;SMF
2786;LAX;JAC
2787;SFO;RNO
2788;MCI;ORD
2789;ORD;BUF
2790;ACV;LAX
2791;LAX;SEA
2792;ORD;GSP
2793;DFW;SFO
2794;ORD;DCA
2795;LAX;SBA
2796;ORD;DSM
2797;PDX;SFO
2798;SMF;SFO
2799;LAX;RDM
2800;LAX;SBP
2801;ORD;BNA
2802;MRY;LAX
2803;SFO;ACV
2804;ORD;CID
2805;ORD;CHS
2806;PSP;DEN
2807;OTH;SFO
2808;PSC;SFO
2809;TUS;ORD
2810;SFO;RDM
2811;DEN;PSP
2812;ORD;CLT
2813;ORD;MDT
2814;XNA;SFO
2815;PSP;ORD
2816;ORD;GRR
2817;MMH;SFO
2818;ICT;ORD
2819;DEN;FAT
2820;OKC;ORD
2821;SFO;DFW
2822;BNA;IAH
2823;GJT;DEN
2824;SFO;OKC
2825;CID;ORD
2826;SUN;DEN
2827;ORD;MCI
2828;SBA;LAX
2829;LAX;MMH
2830;SFO;SUN
2831;LAX;HDN
2832;GEG;SFO
2833;LAX;DFW
2834;SBP;LAX
2835;TUS;SFO
2836;XNA;DEN
2837;ORD;DTW
2838;ASE;ORD
2839;DEN;LNK
2840;MAF;DEN
2841;BFL;SFO
2842;IND;IAD
2843;DEN;HDN
2844;RDM;LAX
2845;IND;IAH
2846;LAX;ACV
2847;SFO;SBP
2848;SBP;SFO
2849;LFT;IAH
2850;SEA;SFO
2851;BZN;DEN
2852;ORD;SYR
2853;ORD;RIC
2854;MLI;DEN
2855;SBP;DEN
2856;SLC;ORD
2857;SFO;OTH
2858;SFO;SNA
2859;SFO;PSC
2860;RAP;DEN
2861;ORD;BOI
2862;FAT;DEN
2863;SYR;ORD
2864;SFO;ASE
2865;HDN;DEN
2866;SFO;STS
2867;SFO;BZN
2868;DEN;SBA
2869;LAX;SUN
2870;LAX;BZN
2871;STS;SFO
2872;SFO;SEA
2873;IAH;LFT
2874;XNA;IAH
2875;SFO;RDD
2876;SUN;LAX
2877;DEN;MMH
2878;MTJ;DEN
2879;IAH;BNA
2880;DEN;BFL
2881;ORD;ASE
2882;DEN;SHV
2883;MSN;SFO
2884;ORD;PIT
2885;RIC;ORD
2886;MMH;DEN
2887;ABQ;SFO
2888;ORD;LIT
2889;ORD;ORF
2890;ORF;ORD
2891;DEN;MAF
2892;ASE;SFO
2893;FSD;ORD
2894;ORD;FSD
2895;EGE;DEN
2896;DEN;MTJ
2897;ORD;SCE
2898;LNK;DEN
2899;SCE;ORD
2900;MRY;DEN
2901;IAH;ASE
2902;IND;ORD
2903;SFO;JAC
2904;SFO;MMH
2905;SFO;MSN
2906;SFO;MSP
2907;HDN;LAX
2908;LIT;DEN
2909;MMH;LAX
2910;DEN;MRY
2911;SUN;SFO
2912;IAD;ROC
2913;COD;DEN
2914;DEN;COD
2915;JAC;LAX
2916;MRY;SFO
2917;SFO;EGE
2918;ORD;OMA
2919;LWS;SLC
2920;SLC;LWS
2921;PIH;SLC
2922;SLC;PIH
2923;MQT;MSP
2924;ABR;MSP
2925;MSP;ABR
2926;GJT;SLC
2927;APN;DTW
2928;DTW;APN
2929;APN;PLN
2930;PLN;DTW
2931;BJI;MSP
2932;MSP;BJI
2933;SLC;CPR
2934;BRD;MSP
2935;MSP;BRD
2936;BTM;SLC
2937;SLC;BTM
2938;CDC;SLC
2939;SLC;CDC
2940;CIU;MSP
2941;MSP;CIU
2942;EKO;SLC
2943;IMT;DTW
2944;MSP;MQT
2945;SLC;EKO
2946;DTW;ITH
2947;SGU;SLC
2948;SLC;SGU
2949;TWF;SLC
2950;HIB;MSP
2951;MSP;HIB
2952;BGM;DTW
2953;DTW;BGM
2954;SLC;TWF
2955;DTW;MQT
2956;MQT;DTW
2957;DTW;PLN
2958;CIU;DTW
2959;DTW;CIU
2960;RHI;MSP
2961;MSP;RHI
2962;IMT;MSP
2963;ITH;DTW
2964;INL;MSP
2965;MSP;INL
2966;MLI;MSP
2967;MSP;IMT
2968;BTR;DFW
2969;DFW;BTR
2970;EWR;ORD
2971;ORD;EWR
2972;PHX;FLG
2973;DFW;JLN
2974;DFW;LRD
2975;HDN;ORD
2976;ORD;HDN
2977;YUM;PHX
2978;ECP;CLT
2979;GRB;ORD
2980;ORD;GRB
2981;FAT;PHX
2982;PHX;FAT
2983;ORD;SDF
2984;SDF;ORD
2985;PHX;YUM
2986;PHX;RDM
2987;GJT;PHX
2988;PHX;GJT
2989;CLL;DFW
2990;BRO;DFW
2991;FLG;PHX
2992;DFW;ASE
2993;DFW;BRO
2994;FWA;CLT
2995;HPN;ORD
2996;ORD;HPN
2997;PHX;TUS
2998;TUS;PHX
2999;DFW;HOU
3000;HOU;DFW
3001;DFW;MHK
3002;MHK;DFW
3003;BFL;PHX
3004;ASE;DFW
3005;RDM;PHX
3006;PHX;PSP
3007;ORD;TVC
3008;TVC;ORD
3009;PHX;BFL
3010;EUG;PHX
3011;DFW;TYS
3012;MFR;PHX
3013;JLN;DFW
3014;OKC;CLT
3015;PSP;PHX
3016;DFW;SRQ
3017;SRQ;DFW
3018;FWA;DFW
3019;CLT;FWA
3020;CYS;DFW
3021;DFW;CYS
3022;CHO;ORD
3023;ORD;CHO
3024;ORD;MKE
3025;MKE;ORD
3026;MEI;DFW
3027;PIB;MEI
3028;DFW;PIB
3029;MEI;ORD
3030;MEI;PIB
3031;ORD;MEI
3032;PHX;SGU
3033;SGU;PHX
3034;PHX;ROW
3035;ROW;PHX
3036;CLT;ECP
3037;PHX;EUG
3038;DFW;CLL
3039;ECP;DFW
3040;LAW;DFW
3041;DFW;SAF
3042;SAF;DFW
3043;DFW;MLU
3044;MLU;DFW
3045;DFW;ECP
3046;LRD;DFW
3047;CLT;OKC
3048;TYS;DFW
3049;DFW;SBN
3050;BNA;DFW
3051;DFW;BNA
3052;DFW;JAN
3053;JAN;DFW
3054;PHX;LGB
3055;LGB;PHX
3056;DFW;LAW
3057;DFW;FWA
3058;SBN;DFW
3059;DFW;ROW
3060;ROW;DFW
3061;CLT;SBN
3062;PHX;MFR
3063;SBN;CLT
3064;SAN;FAT
3065;PDX;SLC
3066;SLC;PDX
3067;STS;LAX
3068;BOI;PDX
3069;SEA;FAT
3070;SEA;SLC
3071;PDX;TUS
3072;TUS;PDX
3073;LAX;STS
3074;SAN;OMA
3075;OMA;SAN
3076;PDX;BOI
3077;FAT;SAN
3078;STS;SAN
3079;SAN;MSP
3080;MSP;SAN
3081;PDX;MSP
3082;MSP;PDX
3083;SAN;MRY
3084;PDX;RNO
3085;SLC;SEA
3086;RNO;PDX
3087;SAN;STS
3088;FAT;PDX
3089;PDX;FAT
3090;GEG;SAN
3091;MRY;SAN
3092;FAT;SEA
3093;SAN;GEG
3094;ATL;FAY
3095;FAY;ATL
3096;AVP;DTW
3097;ATL;DHN
3098;DHN;ATL
3099;MSP;ATW
3100;AUS;SLC
3101;SLC;AUS
3102;ATL;FWA
3103;MSP;AZO
3104;FWA;ATL
3105;AZO;DTW
3106;DTW;AZO
3107;AZO;MSP
3108;MSP;CLE
3109;OMA;SLC
3110;SLC;OMA
3111;MKE;SEA
3112;OKC;SLC
3113;SLC;OKC
3114;MSP;MBS
3115;PDX;SEA
3116;SEA;PDX
3117;ONT;SLC
3118;SLC;ONT
3119;RAP;SLC
3120;SLC;RAP
3121;PSP;SLC
3122;SLC;PSP
3123;PSC;SLC
3124;SLC;PSC
3125;ISN;MSP
3126;RNO;SLC
3127;SLC;RNO
3128;MOT;MSP
3129;RDM;SLC
3130;SLC;RDM
3131;MSP;MOT
3132;JFK;PIT
3133;MSN;MSP
3134;MSP;MSN
3135;SAT;SLC
3136;SLC;SAT
3137;MSP;ISN
3138;MSP;OKC
3139;OKC;MSP
3140;RIC;JFK
3141;SLC;STL
3142;STL;SLC
3143;FCA;MSP
3144;MSP;FCA
3145;FSD;MSP
3146;MSP;FSD
3147;LAN;MSP
3148;MSP;LAN
3149;MSN;SLC
3150;PIT;JFK
3151;MSO;SLC
3152;SLC;MSO
3153;SUN;SLC
3154;MSP;PIT
3155;SLC;TUL
3156;TUL;SLC
3157;MSP;PIA
3158;PIA;MSP
3159;MSP;PSC
3160;SLC;TUS
3161;TUS;SLC
3162;HSV;DTW
3163;FCA;SLC
3164;SLC;FCA
3165;SLC;SUN
3166;GEG;SLC
3167;SLC;GEG
3168;RAP;MSP
3169;MSP;RAP
3170;RIC;MSP
3171;DTW;RIC
3172;MSP;RIC
3173;MSP;FWA
3174;PSC;MSP
3175;FWA;MSP
3176;GRB;MSP
3177;MSP;SAT
3178;CLE;DTW
3179;ALB;DTW
3180;DTW;GRR
3181;GRR;DTW
3182;DFW;IAH
3183;DEN;FCA
3184;DAY;DEN
3185;IAH;DFW
3186;DEN;DAY
3187;IAH;LIT
3188;TUL;IAH
3189;GSP;ORD
3190;MSO;DEN
3191;ORD;ABQ
3192;ORD;FAR
3193;DEN;MSO
3194;IAH;SAT
3195;DEN;RDM
3196;SAT;IAH
3197;FCA;DEN
3198;ORD;TUL
3199;RDM;DEN
3200;PLN;APN
3201;EGE;PHX
3202;PHX;EGE
3203;PHX;SAF
3204;SAF;PHX
3205;SAN;HDN
3206;HDN;SAN
3207;ATL;LEX
3208;LEX;ATL
3209;DTW;MSY
3210;MSY;DTW
3211;PBI;CLT
3212;CLT;PHX
3213;PHX;OGG
3214;CLE;PHL
3215;DFW;PHL
3216;PHL;CLE
3217;DFW;GUC
3218;DFW;PIT
3219;GUC;DFW
3220;PIT;DFW
3221;PHL;RDU
3222;MCO;DFW
3223;CLT;PHL
3224;ATL;CLT
3225;CLT;ATL
3226;CLT;DFW
3227;DFW;GEG
3228;GEG;DFW
3229;AUS;CLT
3230;CLT;TPA
3231;TPA;CLT
3232;IAH;PHX
3233;PHX;IAH
3234;DCA;CLT
3235;ATL;DFW
3236;ORD;PHX
3237;PHX;ORD
3238;PBI;PHL
3239;IAH;PHL
3240;PHL;IAH
3241;SLC;PHL
3242;DFW;LAS
3243;LAS;DFW
3244;MCI;PHL
3245;PHL;MCI
3246;CLT;MIA
3247;RSW;PHL
3248;MCO;CLT
3249;CLT;MDT
3250;MDT;CLT
3251;PIT;CLT
3252;CLT;FLL
3253;DFW;SAV
3254;SAV;DFW
3255;ILM;CLT
3256;SEA;DFW
3257;PHL;LAX
3258;CLT;ORD
3259;LAX;CLT
3260;MIA;RDU
3261;RDU;MIA
3262;PHL;ORD
3263;SAN;DFW
3264;CLT;RDU
3265;ORD;SFO
3266;SFO;ORD
3267;PHX;CLT
3268;DFW;BUF
3269;PHX;DFW
3270;CLT;ROC
3271;ROC;CLT
3272;LAX;PHL
3273;RDU;CLT
3274;MIA;STL
3275;STL;MIA
3276;BUF;DFW
3277;MSP;PHL
3278;DFW;CLT
3279;DFW;PHX
3280;MEM;DFW
3281;LAS;CLT
3282;PHL;MSP
3283;CLT;IAH
3284;DEN;ORD
3285;ORD;DEN
3286;ABQ;DFW
3287;DFW;ABQ
3288;ORD;LAS
3289;ORD;JAC
3290;SNA;DFW
3291;DFW;DSM
3292;DSM;DFW
3293;MIA;DFW
3294;DFW;ONT
3295;RDU;DFW
3296;DFW;RSW
3297;JAC;ORD
3298;ORD;EGE
3299;ATL;MIA
3300;MIA;ATL
3301;DFW;ICT
3302;DFW;SMF
3303;CLE;DFW
3304;DFW;CLE
3305;MCI;DFW
3306;DFW;SJU
3307;DFW;TUS
3308;TUS;DFW
3309;ORD;MSY
3310;DFW;MCO
3311;PHL;DFW
3312;CLT;EWR
3313;DFW;KOA
3314;KOA;DFW
3315;DFW;RNO
3316;LAX;OGG
3317;MCO;MIA
3318;OGG;LAX
3319;CLT;MSP
3320;LAX;RDU
3321;MSP;CLT
3322;RDU;LAX
3323;DFW;OKC
3324;SJU;PHL
3325;HNL;LAX
3326;LAX;HNL
3327;JFK;MIA
3328;DFW;FLL
3329;CLT;PBI
3330;KOA;LAX
3331;LAX;KOA
3332;AUS;ORD
3333;ORD;AUS
3334;DFW;SAT
3335;SAT;DFW
3336;CLT;RSW
3337;RSW;CLT
3338;MIA;JFK
3339;IAD;LAX
3340;MIA;CLT
3341;MIA;MCO
3342;DFW;STL
3343;STL;DFW
3344;LAX;LIH
3345;LIH;LAX
3346;DFW;TUL
3347;BWI;MIA
3348;MIA;BWI
3349;CHS;CLT
3350;SEA;ORD
3351;CLT;MCI
3352;MIA;ORD
3353;MIA;LAX
3354;IAH;CLT
3355;CLT;SAT
3356;SAT;CLT
3357;SMF;DFW
3358;SJU;MIA
3359;SJC;DFW
3360;MIA;TPA
3361;PHX;MIA
3362;DCA;MIA
3363;MIA;DCA
3364;DFW;XNA
3365;XNA;DFW
3366;DFW;EWR
3367;LAX;EGE
3368;ORD;JAX
3369;LAX;IAD
3370;MIA;SEA
3371;JAX;ORD
3372;BOS;MIA
3373;MIA;LGA
3374;LAX;MIA
3375;MIA;SJU
3376;DFW;ORF
3377;ORF;DFW
3378;MIA;LAS
3379;MIA;EWR
3380;DCA;DFW
3381;DFW;DCA
3382;MIA;BUF
3383;DFW;FAT
3384;FAT;DFW
3385;LAS;ORD
3386;MIA;BNA
3387;MIA;MSY
3388;DFW;ATL
3389;ORD;MIA
3390;SFO;MIA
3391;DFW;SLC
3392;CLT;CHS
3393;DFW;MSY
3394;DFW;RDU
3395;DFW;SNA
3396;STL;CLT
3397;MCI;CLT
3398;DFW;SJC
3399;DFW;OMA
3400;OMA;DFW
3401;AUS;MIA
3402;MIA;AUS
3403;MIA;BDL
3404;DCA;LAX
3405;DFW;MIA
3406;RSW;DFW
3407;DFW;MEM
3408;DFW;IAD
3409;MIA;STX
3410;STX;MIA
3411;IND;DFW
3412;DFW;JAX
3413;DFW;PSP
3414;ORD;SJC
3415;SJC;ORD
3416;ORD;RSW
3417;RSW;ORD
3418;LGA;MIA
3419;DFW;PDX
3420;PDX;DFW
3421;COS;DFW
3422;AUS;DFW
3423;DFW;AUS
3424;DFW;COS
3425;SJU;ORD
3426;TPA;DFW
3427;TUL;DFW
3428;CHS;DFW
3429;IAH;MIA
3430;DFW;SPS
3431;SPS;DFW
3432;DFW;SWO
3433;SWO;DFW
3434;DAY;DFW
3435;CRP;DFW
3436;DFW;SHV
3437;COU;ORD
3438;DFW;FAR
3439;FAR;DFW
3440;CMH;LGA
3441;DFW;GRI
3442;DFW;MFE
3443;GSO;ORD
3444;ORD;GSO
3445;DFW;GRK
3446;MFE;DFW
3447;ABQ;ORD
3448;DTW;LGA
3449;LGA;DTW
3450;ORD;TOL
3451;TOL;ORD
3452;CLE;ORD
3453;ORD;SGF
3454;DCA;LIT
3455;DFW;LCH
3456;LCH;DFW
3457;MIA;CLE
3458;ABI;DFW
3459;JAX;MIA
3460;TUL;ORD
3461;LGA;CHO
3462;CVG;MIA
3463;DBQ;ORD
3464;ORD;DBQ
3465;AEX;DFW
3466;DFW;AEX
3467;ORD;SUX
3468;SUX;ORD
3469;ORD;CLE
3470;CLE;MIA
3471;ORD;PVD
3472;PVD;ORD
3473;ALB;ORD
3474;IAH;ORD
3475;LIT;ORD
3476;BOI;DFW
3477;LGA;SDF
3478;SDF;LGA
3479;SGF;ORD
3480;MIA;TLH
3481;TLH;MIA
3482;JFK;CLE
3483;CMI;DFW
3484;MIA;JAX
3485;ORD;LAN
3486;DFW;TYR
3487;TYR;DFW
3488;MIA;CVG
3489;DFW;SJT
3490;SJT;DFW
3491;GRK;DFW
3492;TYS;ORD
3493;ORD;CMI
3494;LAN;ORD
3495;BPT;DFW
3496;AMA;DFW
3497;DFW;AMA
3498;BMI;ORD
3499;ORD;TYS
3500;ORD;LSE
3501;JFK;CMH
3502;DFW;BPT
3503;DFW;CMI
3504;GNV;MIA
3505;MIA;GNV
3506;DFW;LIT
3507;LIT;DFW
3508;CLT;ROA
3509;ROA;CLT
3510;MIA;PNS
3511;PNS;MIA
3512;ORD;AZO
3513;ORD;BMI
3514;LGA;IND
3515;DFW;BOI
3516;SGF;CLT
3517;JFK;ORF
3518;GSO;MIA
3519;MIA;GSO
3520;DFW;DAY
3521;LSE;ORD
3522;ORD;RST
3523;MEM;ORD
3524;ORD;MEM
3525;BWI;ORD
3526;DFW;SGF
3527;SGF;DFW
3528;ACT;DFW
3529;DFW;ACT
3530;DFW;MSN
3531;CMH;MIA
3532;DFW;LEX
3533;LEX;DFW
3534;MSN;DFW
3535;ILM;LGA
3536;MGM;DFW
3537;ORD;CMH
3538;JFK;IND
3539;CWA;ORD
3540;ORD;BWI
3541;ORD;ELP
3542;MIA;CMH
3543;ELP;DFW
3544;ELP;ORD
3545;CMH;ORD
3546;MIA;MEM
3547;MSY;CMH
3548;ALB;RSW
3549;BDL;DEN
3550;BNA;RSW
3551;BUF;RSW
3552;BWI;SLC
3553;CLE;RSW
3554;DEN;BDL
3555;DEN;LGB
3556;GRR;TPA
3557;HOU;SJU
3558;LGB;DEN
3559;MCO;MSP
3560;MCO;OMA
3561;MSP;MCO
3562;OMA;MCO
3563;PVD;RSW
3564;RSW;ALB
3565;RSW;BNA
3566;RSW;BUF
3567;RSW;CLE
3568;RSW;PVD
3569;IAH;DEN
3570;EWR;SFO
3571;BDL;ORD
3572;ORD;MSN
3573;ATL;EWR
3574;EWR;SNA
3575;ORD;MCO
3576;MEM;IAH
3577;OMA;IAH
3578;IAD;IAH
3579;CLE;IAH
3580;MCO;SFO
3581;EWR;LAX
3582;SFO;EWR
3583;TPA;IAD
3584;PHL;SFO
3585;SFO;IAD
3586;HNL;SFO
3587;TUS;IAH
3588;DEN;MSN
3589;IAH;MEM
3590;STL;IAH
3591;CID;DEN
3592;SFO;KOA
3593;IAH;MCO
3594;SAT;IAD
3595;PSP;IAH
3596;PDX;ORD
3597;IAH;DCA
3598;SNA;IAH
3599;EWR;MSY
3600;SJU;IAH
3601;ORD;PHL
3602;LAS;IAD
3603;HDN;EWR
3604;SFO;TPA
3605;KOA;SFO
3606;LAX;EWR
3607;IAD;BOS
3608;ICT;DEN
3609;MCO;ORD
3610;ORD;IAD
3611;AUS;IAH
3612;IAH;SEA
3613;IAH;FLL
3614;IAH;PBI
3615;EWR;SLC
3616;DCA;IAH
3617;IAH;MCI
3618;ORD;BZN
3619;RSW;IAH
3620;IAH;IAD
3621;BTV;ORD
3622;MIA;SFO
3623;SFO;MSY
3624;SFO;ATL
3625;IAH;MAF
3626;MSY;ORD
3627;IAD;SFO
3628;SAN;IAD
3629;DEN;IAH
3630;IAD;TPA
3631;SFO;IAH
3632;SFO;OGG
3633;IAD;LAS
3634;BOS;IAD
3635;ORD;PDX
3636;ORD;SMF
3637;IAD;ORD
3638;IAD;AUS
3639;IND;SFO
3640;GEG;ORD
3641;DTW;SFO
3642;MSN;DEN
3643;IAH;LAS
3644;IAH;TUS
3645;OGG;DEN
3646;SFO;PHL
3647;ORD;BDL
3648;EWR;DFW
3649;IAH;CVG
3650;EWR;RDU
3651;SEA;IAD
3652;IAD;SAT
3653;EWR;BTV
3654;IAD;SEA
3655;HNL;DEN
3656;IAH;STL
3657;IAH;SFO
3658;IAH;JAC
3659;RDU;EWR
3660;IAH;SJU
3661;EWR;HNL
3662;HNL;EWR
3663;IAD;RDU
3664;IAH;PSP
3665;IAD;PIT
3666;DEN;OGG
3667;OGG;ORD
3668;IAD;HDN
3669;IAD;HNL
3670;HNL;IAD
3671;IAD;EGE
3672;DEN;HNL
3673;BZN;EWR
3674;BOS;IAH
3675;IAD;BNA
3676;SFO;IND
3677;PHX;IAD
3678;DEN;ICT
3679;SFO;HNL
3680;BDL;IAD
3681;SFO;MCO
3682;SMF;ORD
3683;SEA;EWR
3684;IAH;AUS
3685;IAD;PHX
3686;ORD;SEA
3687;IAH;HNL
3688;HNL;IAH
3689;SAN;IAH
3690;DEN;JAC
3691;EGE;ORD
3692;SAT;ORD
3693;SNA;ORD
3694;ORD;HNL
3695;HNL;ORD
3696;BZN;ORD
3697;JAC;DEN
3698;LAX;IAH
3699;ORD;OGG
3700;HNL;GUM
3701;GUM;HNL
3702;GUM;SPN
3703;SPN;GUM
3704;ORD;GEG
3705;PDX;EWR
3706;EWR;PDX
3707;EWR;PSP
3708;SLC;EWR
3709;SFO;DTW
3710;EWR;MIA
3711;MIA;IAH
3712;PIT;EWR
3713;SEA;IAH
3714;EWR;PIT
3715;CHS;EWR
3716;DEN;LIH
3717;IAD;SAN
3718;EWR;BZN
3719;MIA;DEN
3720;IAH;HDN
3721;ORD;ALB
3722;IAH;SMF
3723;ORF;DEN
3724;DEN;ORF
3725;RDU;IAH
3726;SFO;CLE
3727;BTV;EWR
3728;TPA;IAH
3729;RDU;IAD
3730;IAD;EWR
3731;MSY;SFO
3732;SFO;PIT
3733;PIT;SFO
3734;JAC;EWR
3735;MSN;ORD
3736;LAX;CLE
3737;SRQ;ORD
3738;DEN;MIA
3739;IAH;SNA
3740;EWR;SEA
3741;CLE;EWR
3742;ORD;RDU
3743;EWR;CLE
3744;BNA;SFO
3745;DCA;DEN
3746;BWI;IAH
3747;SMF;IAH
3748;PDX;IAH
3749;IAH;TPA
3750;SFO;BWI
3751;BWI;SFO
3752;MAF;IAH
3753;TPA;SFO
3754;IAH;BOS
3755;SFO;DCA
3756;DCA;SFO
3757;SJU;IAD
3758;IAD;SJU
3759;MSY;EWR
3760;ORD;SNA
3761;IAH;TUL
3762;ORD;SJU
3763;EWR;IAD
3764;DEN;CID
3765;CLE;LAX
3766;IAH;SJC
3767;IAH;LAX
3768;IAH;PDX
3769;IAH;CLE
3770;SFO;BNA
3771;SNA;EWR
3772;ATL;SFO
3773;IAH;EGE
3774;IAH;BWI
3775;SJC;IAH
3776;EWR;ATL
3777;ORD;SRQ
3778;RSW;DEN
3779;DEN;DCA
3780;SFO;RDU
3781;CVG;SFO
3782;DEN;KOA
3783;PIT;IAD
3784;KOA;DEN
3785;OGG;SFO
3786;RDU;SFO
3787;LIH;DEN
3788;CLE;SFO
3789;IAH;RSW
3790;EGE;IAH
3791;ORD;BTV
3792;EWR;STT
3793;HDN;IAH
3794;IAH;RDU
3795;STT;EWR
3796;MIA;IAD
3797;IAD;MIA
3798;OKC;IAH
3799;EWR;SRQ
3800;EWR;JAC
3801;STT;IAD
3802;IAD;STT
3803;DEN;RSW
3804;MFE;IAH
3805;IAH;OKC
3806;IAH;MFE
3807;BQN;EWR
3808;EGE;EWR
3809;LIH;SFO
3810;DEN;ANC
3811;MSY;IAD
3812;SFO;LIH
3813;ANC;DEN
3814;SFO;CVG
3815;PSP;EWR
3816;EWR;BQN
3817;EWR;EGE
3818;IAH;CRP
3819;CRP;IAH
3820;PBI;IAH
3821;ORD;SAT
3822;SMF;IAD
3823;EWR;CHS
3824;JAX;EWR
3825;CLT;LAS
3826;CLT;PIT
3827;AUS;PHL
3828;PHL;AUS
3829;PHL;CLT
3830;BDL;CLT
3831;CLT;MCO
3832;MYR;CLT
3833;PHL;MSY
3834;FLL;CLT
3835;PHL;DCA
3836;CLT;MYR
3837;PHL;PIT
3838;PIT;PHL
3839;CLT;BDL
3840;CLT;LAX
3841;SAT;PHL
3842;MHT;PHL
3843;CLT;IAD
3844;IAD;CLT
3845;CLT;PDX
3846;DCA;PHL
3847;CLT;SAN
3848;PHL;SAT
3849;MSY;PHL
3850;CLT;AUS
3851;DFW;SEA
3852;PHL;MHT
3853;CLT;SFO
3854;PHL;PBI
3855;PHL;RSW
3856;LGA;PHL
3857;CMH;LAX
3858;PHL;JAX
3859;SFO;CLT
3860;CLT;SYR
3861;PHL;PWM
3862;SJU;CLT
3863;PHL;DTW
3864;DCA;PHX
3865;TPA;MIA
3866;EWR;CLT
3867;BZN;DFW
3868;ONT;DFW
3869;DFW;PBI
3870;PBI;DFW
3871;DFW;PNS
3872;DFW;CHS
3873;DCA;JFK
3874;OKC;DFW
3875;CLT;TUL
3876;PHL;MIA
3877;RDU;ORD
3878;MIA;SAN
3879;DFW;GRR
3880;DFW;HDN
3881;HDN;DFW
3882;MSY;MIA
3883;DFW;IND
3884;BDL;DFW
3885;DFW;ELP
3886;DFW;VPS
3887;LAS;MIA
3888;DFW;SAN
3889;MIA;EGE
3890;DFW;MKE
3891;MKE;DFW
3892;DFW;MTJ
3893;MTJ;DFW
3894;JFK;DCA
3895;EGE;JFK
3896;JFK;EGE
3897;IAD;DFW
3898;JAX;DFW
3899;PNS;DFW
3900;MIA;PVD
3901;MSY;DFW
3902;DFW;EGE
3903;EGE;MIA
3904;PSP;DFW
3905;GRR;PHX
3906;PHX;GRR
3907;SJC;BHM
3908;PHL;LGA
3909;CLT;TUS
3910;LGA;DCA
3911;STL;OAK
3912;TPA;SAN
3913;TUS;OAK
3914;BWI;SEA
3915;BWI;SJC
3916;BWI;SMF
3917;PSE;JFK
3918;FLL;LGB
3919;LGB;FLL
3920;FLL;DTW
3921;DTW;FLL
3922;PWM;JFK
3923;JFK;PWM
3924;SJU;STX
3925;STX;SJU
3926;JFK;DAB
3927;DAB;JFK
3928;LGB;HDN
3929;HDN;LGB
3930;BOS;HDN
3931;HDN;BOS
3932;BZN;LGB
3933;LGB;BZN
3934;MTJ;SFO
3935;JAC;SEA
3936;SEA;JAC
3937;MSP;ASE
3938;ASE;MSP
3939;MKE;MSP
3940;MSP;MKE
3941;FAR;ATL
3942;ATL;FAR
3943;BRO;ORD
3944;DEN;CPR
3945;ORD;BRO
3946;EGE;LAX
3947;HDN;SFO
3948;IAD;IND
3949;ORD;FCA
3950;ORD;PBI
3951;SFO;MTJ
3952;FCA;ORD
3953;STL;ORD
3954;PBI;ORD
3955;ORD;ABE
3956;SFO;HDN
3957;ASE;PHX
3958;PHX;ASE
3959;DTW;SDF
3960;CPR;DEN
3961;ABE;ORD
3962;TWF;DEN
3963;TWF;LAX
3964;TWF;SFO
3965;MTJ;ORD
3966;ORD;MTJ
3967;ECP;ATL
3968;ATL;ECP
3969;JFK;MSP
3970;BDL;ATL
3971;TPA;MSP
3972;DCA;MSP
3973;DTW;MSP
3974;EWR;MSP
3975;ELP;ATL
3976;ATL;ELP
3977;GEG;MSP
3978;MSP;GEG
3979;MSP;JFK
3980;MSP;DTW
3981;ATL;SEA
3982;SLC;DFW
3983;HDN;MSP
3984;MSP;HDN
3985;DTW;PHL
3986;EWR;DTW
3987;ATL;CVG
3988;CVG;ATL
3989;ANC;MSP
3990;MSP;ANC
3991;DTW;EWR
3992;DTW;BUF
3993;ATL;SMF
3994;SMF;ATL
3995;DTW;PDX
3996;PDX;DTW
3997;DTW;PBI
3998;PBI;DTW
3999;SLC;JAC
4000;DTW;RDU
4001;RDU;DTW
4002;BZN;MSP
4003;MSP;BZN
4004;DTW;PVD
4005;SEA;ATL
4006;PVD;DTW
4007;SLC;HNL
4008;HNL;SLC
4009;CMH;MSP
4010;MCO;CVG
4011;CVG;MCO
4012;ATL;SLC
4013;SEA;DTW
4014;SLC;ATL
4015;SAT;JFK
4016;DTW;SEA
4017;SLC;DTW
4018;DTW;SLC
4019;JFK;SAT
4020;ATL;ORF
4021;ORF;ATL
4022;ATL;OKC
4023;OKC;ATL
4024;ATL;SJC
4025;SJC;ATL
4026;KOA;SEA
4027;STT;ATL
4028;ATL;BUF
4029;BUF;ATL
4030;ATL;PVD
4031;PVD;ATL
4032;SEA;MSP
4033;CVG;RSW
4034;RSW;CVG
4035;MSP;SEA
4036;JFK;STT
4037;PDX;ATL
4038;SLC;MSP
4039;SJU;ATL
4040;ATL;SNA
4041;SNA;ATL
4042;ATL;CAE
4043;ATL;SJU
4044;ATL;STT
4045;HNL;MSP
4046;MSP;HNL
4047;SLC;OGG
4048;OGG;SLC
4049;ATL;PDX
4050;AUS;SEA
4051;STT;JFK
4052;AGS;ATL
4053;SLC;PIT
4054;CVG;PHX
4055;PHX;CVG
4056;LAX;MSP
4057;SEA;AUS
4058;BDL;DTW
4059;DTW;BDL
4060;ATL;SRQ
4061;SRQ;ATL
4062;DCA;DTW
4063;BNA;SEA
4064;PIT;SLC
4065;SEA;BNA
4066;JAX;DTW
4067;HNL;ATL
4068;ATL;HNL
4069;ROC;ATL
4070;CVG;TPA
4071;TPA;CVG
4072;ATL;ROC
4073;SEA;CVG
4074;GPT;ATL
4075;SLC;MSY
4076;SLC;MCI
4077;DTW;SNA
4078;SNA;DTW
4079;ATL;SYR
4080;SYR;ATL
4081;MSP;RDU
4082;SLC;BNA
4083;MSP;RSW
4084;RSW;MSP
4085;MSP;SJC
4086;DTW;JAX
4087;ATL;CHS
4088;CHS;ATL
4089;SEA;KOA
4090;BNA;SLC
4091;CLT;SLC
4092;SLC;CLT
4093;SLC;TPA
4094;SLC;SNA
4095;SNA;SLC
4096;TPA;SLC
4097;PHL;SLC
4098;MCI;SLC
4099;PSP;SEA
4100;SEA;PSP
4101;RDU;SEA
4102;MLB;ATL
4103;RDU;SLC
4104;SLC;RDU
4105;MSP;LAX
4106;RDU;MSP
4107;MSP;PSP
4108;PSP;MSP
4109;ATL;MSN
4110;MSN;ATL
4111;IAD;SLC
4112;ATL;TYS
4113;TUS;ATL
4114;ATL;SAV
4115;SAV;ATL
4116;MCO;SEA
4117;SEA;OGG
4118;SEA;MCO
4119;IND;SLC
4120;ATL;TUS
4121;SLC;IND
4122;DTW;SAN
4123;IND;SEA
4124;SEA;IND
4125;ATL;XNA
4126;JAC;SLC
4127;SAN;DTW
4128;XNA;ATL
4129;SLC;IAD
4130;ATL;LIT
4131;LIT;ATL
4132;ATL;SDF
4133;SDF;ATL
4134;HSV;ATL
4135;MSP;SLC
4136;ABE;ATL
4137;ABQ;SLC
4138;LAX;CMH
4139;ATL;OMA
4140;OMA;ATL
4141;CVG;SLC
4142;ATL;PNS
4143;PNS;ATL
4144;SLC;CVG
4145;ATL;IAH
4146;ATL;MDT
4147;MDT;ATL
4148;DTW;SJC
4149;SJC;DTW
4150;CVG;SEA
4151;MSY;SLC
4152;SEA;TUS
4153;TUS;SEA
4154;SLC;DCA
4155;SEA;RDU
4156;ATL;PWM
4157;OGG;SEA
4158;ATL;EYW
4159;EYW;ATL
4160;ATL;ICT
4161;ICT;ATL
4162;PWM;ATL
4163;SJC;MSP
4164;DCA;SLC
4165;ATL;FNT
4166;ATL;MEM
4167;MEM;ATL
4168;FNT;ATL
4169;MIA;MSP
4170;MSP;MIA
4171;MSP;SNA
4172;SNA;MSP
4173;MSP;SMF
4174;LGA;MSP
4175;COS;ATL
4176;SMF;MSP
4177;ATL;FSD
4178;LAX;DCA
4179;DTW;SYR
4180;DTW;MIA
4181;MIA;DTW
4182;ANC;SEA
4183;SEA;ANC
4184;SYR;DTW
4185;ATL;COS
4186;MSP;LGA
4187;FSD;ATL
4188;ATL;GRR
4189;DAB;ATL
4190;ATL;DAB
4191;GRR;ATL
4192;HNL;SEA
4193;ATL;GPT
4194;SLC;ABQ
4195;ATL;DAY
4196;DAY;ATL
4197;MSP;TPA
4198;ATL;MLB
4199;ATL;ABQ
4200;MSP;DCA
4201;ABQ;ATL
4202;LIH;SEA
4203;ALB;ATL
4204;SEA;LIH
4205;SEA;HNL
4206;MSP;TUS
4207;TUS;MSP
4208;MSY;MSP
4209;ATL;ALB
4210;CHO;ATL
4211;ATL;CHO
4212;ATL;HDN
4213;HDN;ATL
4214;ATL;BDL
4215;ATL;HSV
4216;MSP;MSO
4217;ATL;DSM
4218;DSM;ATL
4219;ATL;AVP
4220;MSP;MSY
4221;AVP;ATL
4222;ATL;EGE
4223;EGE;ATL
4224;MSO;MSP
4225;SJU;MSP
4226;MSP;SJU
4227;STX;ATL
4228;ATL;STX
4229;ATL;RNO
4230;ATL;JAC
4231;JAC;ATL
4232;ATL;BZN
4233;BZN;ATL
4234;ATL;PSP
4235;PSP;ATL
4236;DTW;JFK
4237;LGA;SRQ
4238;SRQ;LGA
4239;HNL;PDX
4240;JFK;JAC
4241;JAC;JFK
4242;DTW;SRQ
4243;SRQ;DTW
4244;PDX;HNL
4245;ATL;MTJ
4246;MTJ;ATL
4247;JAC;MSP
4248;MSP;JAC
4249;RNO;ATL
4250;DFW;MAF
4251;MLI;DFW
4252;DFW;MLI
4253;MAF;DFW
4254;HSV;DFW
4255;PHX;MSN
4256;DFW;LBB
4257;DFW;CHA
4258;PHX;SBP
4259;SBP;PHX
4260;PHX;SBA
4261;DFW;EVV
4262;EVV;DFW
4263;CHA;DFW
4264;FSM;DFW
4265;PHX;MRY
4266;MRY;PHX
4267;DFW;RAP
4268;MSN;PHX
4269;FSD;DFW
4270;DFW;HSV
4271;DFW;SBA
4272;SBA;DFW
4273;DFW;FSM
4274;DRO;DFW
4275;DFW;DRO
4276;DFW;BMI
4277;ICT;DFW
4278;BIS;DFW
4279;MEM;PHX
4280;DFW;SDF
4281;COU;DFW
4282;DFW;COU
4283;DFW;BIS
4284;DFW;LFT
4285;LFT;DFW
4286;BHM;DFW
4287;DFW;BHM
4288;BTV;IAD
4289;IAD;CHS
4290;GSP;IAD
4291;IAD;GSP
4292;CMH;IAD
4293;BUF;IAD
4294;LGA;IAD
4295;MTJ;IAH
4296;ABQ;IAH
4297;DSM;IAH
4298;IAH;HRL
4299;CHS;IAD
4300;BNA;IAD
4301;PNS;IAH
4302;AUS;IAD
4303;BHM;IAH
4304;CVG;IAH
4305;CHS;IAH
4306;IAH;CMH
4307;IAH;ORF
4308;MCI;IAH
4309;ELP;IAH
4310;IAD;BDL
4311;IAD;PVD
4312;CLE;IAD
4313;IAD;LGA
4314;PVD;IAD
4315;JAX;IAD
4316;CVG;IAD
4317;IAH;MTJ
4318;SYR;IAD
4319;IAD;CLE
4320;ORF;IAD
4321;IAH;ABQ
4322;OKC;IAD
4323;IAD;JAX
4324;SAV;IAD
4325;IAD;ORF
4326;PWM;IAD
4327;ORF;IAH
4328;IAH;ICT
4329;IAH;PIT
4330;BOI;IAH
4331;IAH;BDL
4332;STL;IAD
4333;IAD;MSY
4334;IAD;SYR
4335;IAD;CVG
4336;LBB;IAH
4337;IAH;LBB
4338;IAH;GRR
4339;MCI;IAD
4340;IAD;BUF
4341;IAH;BRO
4342;IAH;BHM
4343;IAH;MOB
4344;CMH;IAH
4345;BZN;IAH
4346;IAH;HSV
4347;SAV;IAH
4348;SDF;IAD
4349;IAD;STL
4350;BDL;IAH
4351;IAD;BTV
4352;GSP;IAH
4353;IAH;RNO
4354;IAH;CHS
4355;IAD;RIC
4356;RIC;IAD
4357;IAH;JAN
4358;BRO;IAH
4359;ECP;IAH
4360;LIT;IAH
4361;IAD;PHL
4362;IAH;ECP
4363;IAH;RIC
4364;IAH;SAV
4365;JAX;IAH
4366;IAH;DSM
4367;PIT;IAH
4368;IAH;PNS
4369;IAH;GSP
4370;RIC;IAH
4371;IAD;CMH
4372;HRL;IAH
4373;IAH;DAY
4374;RNO;IAH
4375;IAD;PWM
4376;MOB;IAH
4377;JAN;IAH
4378;ICT;IAH
4379;GRR;IAH
4380;DCA;LGA
4381;MSN;DCA
4382;DCA;MSN
4383;IND;DTW
4384;CMH;JFK
4385;CHS;LGA
4386;IND;LGA
4387;CLE;JFK
4388;LGA;CMH
4389;LGA;SYR
4390;CMH;RDU
4391;RDU;CMH
4392;CVG;MCI
4393;MCI;CVG
4394;LEX;DCA
4395;DCA;LEX
4396;EWR;OMA
4397;CMH;EWR
4398;MCI;EWR
4399;DCA;EWR
4400;EWR;DCA
4401;EWR;ORF
4402;EWR;MCI
4403;EWR;SYR
4404;EWR;SDF
4405;EWR;EYW
4406;SYR;EWR
4407;EWR;OKC
4408;EWR;PWM
4409;PWM;EWR
4410;EWR;SAT
4411;IAH;JAX
4412;EYW;EWR
4413;ORF;EWR
4414;OMA;EWR
4415;OKC;EWR
4416;EWR;CMH
4417;SDF;EWR
4418;SRQ;EWR
4419;EYW;ORD
4420;ORD;EYW
4421;SAT;EWR
4422;PWM;ORD
4423;IAH;IND
4424;EWR;MEM
4425;ORD;PWM
4426;DAY;ORD
4427;IAH;BTR
4428;ORD;ROC
4429;EWR;GRR
4430;EWR;MHT
4431;EWR;PVD
4432;EWR;ROC
4433;EWR;GSO
4434;ROC;EWR
4435;GRR;EWR
4436;SAV;EWR
4437;MHT;EWR
4438;EWR;XNA
4439;ORD;SAV
4440;BTR;IAH
4441;XNA;EWR
4442;ALB;EWR
4443;GSO;EWR
4444;DEN;BHM
4445;PVD;EWR
4446;BHM;DEN
4447;EWR;JAX
4448;EWR;BUF
4449;BUF;EWR
4450;IAH;ELP
4451;IAD;SMF
4452;EGE;IAD
4453;ITO;LAX
4454;STT;ORD
4455;HDN;IAD
4456;JAC;IAH
4457;ORD;STT
4458;EWR;HDN
4459;MTJ;EWR
4460;EWR;MTJ
4461;LAX;ITO
4462;KOA;SMF
4463;SMF;KOA
4464;OGG;SAN
4465;PDX;KOA
4466;KOA;SJC
4467;OGG;PDX
4468;PDX;OGG
4469;KOA;OAK
4470;LIH;OAK
4471;OGG;ANC
4472;HNL;ANC
4473;OAK;LIH
4474;HNL;SAN
4475;KOA;PDX
4476;SAN;HNL
4477;FAI;ANC
4478;AUS;PDX
4479;PDX;AUS
4480;BUR;SEA
4481;SEA;BUR
4482;PDX;SNA
4483;SNA;PDX
4484;SNA;SEA
4485;SEA;SNA
4486;PDX;PSP
4487;PSP;PDX
4488;DCA;SEA
4489;SEA;DCA
4490;PHL;SEA
4491;PDX;BOS
4492;SEA;PHL
4493;BOS;PDX
4494;FLL;SEA
4495;SEA;FLL
4496;ADQ;ANC
4497;ANC;BET
4498;BET;ANC
4499;ANC;ADQ
4500;BRW;ANC
4501;ANC;SCC
4502;SCC;BRW
4503;BRW;FAI
4504;KTN;SEA
4505;CDV;ANC
4506;JNU;YAK
4507;SEA;JNU
4508;YAK;CDV
4509;ANC;JNU
4510;JNU;SIT
4511;SIT;KTN
4512;JNU;PSG
4513;WRG;KTN
4514;PSG;WRG
4515;SEA;KTN
4516;JNU;ANC
4517;WRG;PSG
4518;KTN;WRG
4519;PSG;JNU
4520;CDV;YAK
4521;JNU;SEA
4522;ANC;CDV
4523;YAK;JNU
4524;KTN;SIT
4525;SIT;JNU
4526;KTN;JNU
4527;SEA;FAI
4528;SAN;LIH
4529;FAI;SEA
4530;ANC;FAI
4531;PDX;ANC
4532;ANC;PDX
4533;ANC;LAX
4534;ANC;OME
4535;OME;ANC
4536;ANC;OTZ
4537;OTZ;OME
4538;OTZ;ANC
4539;LIH;PDX
4540;LIH;SJC
4541;ADK;ANC
4542;ANC;ADK
4543;PHX;ANC
4544;SEA;PIT
4545;PIT;SEA
4546;SEA;SBA
4547;SEA;BLI
4548;SBA;SEA
4549;SEA;ONT
4550;ONT;SEA
4551;SEA;SAT
4552;TPA;SEA
4553;BLI;SEA
4554;FAI;SCC
4555;SCC;ANC
4556;LAX;ANC
4557;SAT;SEA
4558;MSY;SEA
4559;SEA;OMA
4560;MCO;PDX
4561;SEA;CHS
4562;OMA;SEA
4563;PDX;DCA
4564;SEA;TPA
4565;DCA;PDX
4566;ABQ;SEA
4567;PDX;MCO
4568;EWR;SJC
4569;SJC;EWR
4570;CHS;SEA
4571;SEA;MSY
4572;SEA;ABQ
4573;OGG;SMF
4574;SJC;OGG
4575;OGG;BLI
4576;OGG;SJC
4577;BLI;OGG
4578;SMF;OGG
4579;OAK;HNL
4580;ANC;HNL
4581;SAN;OGG
4582;HNL;OAK
4583;PDX;LIH
4584;OAK;KOA
4585;LIH;SAN
4586;SJC;LIH
4587;JNU;KTN
4588;SJC;KOA
4589;ANC;PHX
4590;SAN;KOA
4591;KOA;SAN
4592;OAK;OGG
4593;OGG;OAK
4594;ANC;OGG
4595;HNL;SJC
4596;SJC;HNL
4597;ANC;KOA
4598;KOA;ANC
4599;HNL;LAS
4600;CLT;CMH
4601;DCA;BTV
4602;DSM;PHL
4603;SDF;PHL
4604;CLT;TLH
4605;BUF;DCA
4606;DCA;BUF
4607;PHL;IND
4608;DCA;TLH
4609;MEM;MIA
4610;XNA;LGA
4611;DCA;PIT
4612;IND;MIA
4613;DCA;MEM
4614;MEM;DCA
4615;DCA;MHT
4616;DCA;DSM
4617;IND;DCA
4618;MIA;HOU
4619;CLT;HHH
4620;HHH;CLT
4621;DCA;EYW
4622;EYW;DCA
4623;PVD;PHL
4624;CMH;PHL
4625;PHL;PNS
4626;PNS;PHL
4627;OMA;PHL
4628;PHL;OMA
4629;MIA;PIT
4630;PIT;MIA
4631;EYW;MIA
4632;DCA;GRR
4633;GRR;DCA
4634;CLT;SRQ
4635;SRQ;CLT
4636;LGA;XNA
4637;MIA;EYW
4638;GSO;PHL
4639;PHL;GSO
4640;PIT;DCA
4641;HSV;DCA
4642;CHS;MIA
4643;MIA;CHS
4644;OKC;PHL
4645;PHL;OKC
4646;BTV;DCA
4647;TYS;DCA
4648;SAV;DCA
4649;PHL;DSM
4650;BNA;MIA
4651;DCA;VPS
4652;VPS;DCA
4653;CMH;CLT
4654;DSM;DCA
4655;TLH;DCA
4656;CVG;DCA
4657;DCA;CVG
4658;CLT;EYW
4659;EYW;CLT
4660;PHL;SRQ
4661;SRQ;PHL
4662;MEM;PHL
4663;PHL;MEM
4664;DCA;HSV
4665;SDF;MIA
4666;IND;PHL
4667;DCA;ROC
4668;ORF;MIA
4669;MIA;ORF
4670;IAD;PDX
4671;EWR;SMF
4672;PDX;IAD
4673;IAH;GUC
4674;GUC;IAH
4675;ANC;ORD
4676;ORD;ANC
4677;SMF;EWR
4678;MKE;EWR
4679;JFK;CVG
4680;CVG;RDU
4681;MSP;ROC
4682;MSN;LGA
4683;ATL;AEX
4684;GTR;ATL
4685;EVV;ATL
4686;MSP;TYS
4687;BMI;ATL
4688;ROC;MSP
4689;EVV;DTW
4690;LGA;LEX
4691;RDU;BDL
4692;LEX;LGA
4693;FSM;ATL
4694;MHT;LGA
4695;ATL;MLI
4696;BDL;CLE
4697;TYS;DTW
4698;XNA;MSP
4699;ATL;CSG
4700;LGA;MHT
4701;MSP;CWA
4702;ATL;ATW
4703;ATL;BMI
4704;ATL;OAJ
4705;CLT;CVG
4706;CVG;CLT
4707;ATW;ATL
4708;LNK;ATL
4709;BTV;LGA
4710;MLI;ATL
4711;ATL;BTV
4712;BTV;ATL
4713;DSM;LGA
4714;RDU;CVG
4715;CWA;DTW
4716;CVG;DFW
4717;DFW;CVG
4718;LGA;ORF
4719;BGR;LGA
4720;CSG;ATL
4721;LGA;CHA
4722;SJU;HOU
4723;ABQ;SJC
4724;ALB;DEN
4725;BNA;OKC
4726;CHS;DEN
4727;CMH;MSY
4728;CMH;OAK
4729;DEN;ALB
4730;DEN;CHS
4731;HOU;PHL
4732;HOU;SMF
4733;IND;AUS
4734;IND;MSY
4735;MCO;OKC
4736;MSY;IND
4737;OAK;CMH
4738;OAK;TUS
4739;OKC;MCO
4740;PHL;HOU
4741;MCI;AZA
4742;SFB;PIA
4743;SAN;BLI
4744;LAS;MSO
4745;DSM;PGD
4746;VPS;OKC
4747;PIE;ROA
4748;FLL;FNT
4749;PIE;SDF
4750;SRQ;CVG
4751;PIE;IAG
4752;STC;AZA
4753;JAX;IND
4754;PIT;SRQ
4755;PIE;OGS
4756;GPT;SFB
4757;FWA;AZA
4758;CLE;PIE
4759;SGF;LAX
4760;HTS;PIE
4761;SFB;TRI
4762;AZA;SCK
4763;CHA;SFB
4764;GRR;LAS
4765;BIL;LAS
4766;PIE;ELM
4767;SFB;LIT
4768;MOT;LAS
4769;MKE;PGD
4770;USA;PGD
4771;TUS;PVU
4772;SFB;OMA
4773;USA;MSY
4774;PIE;PIT
4775;PIE;MDT
4776;RIC;SFB
4777;ATW;PGD
4778;OGS;PIE
4779;LAS;MRY
4780;LAS;ATW
4781;MLI;PIE
4782;IAG;PIE
4783;OKC;VPS
4784;TOL;PGD
4785;OMA;PIE
4786;OGS;SFB
4787;FLL;GSP
4788;LAS;IDA
4789;BWI;AVL
4790;AZA;MCI
4791;BLV;SFB
4792;AUS;CVG
4793;CVG;SAV
4794;MFR;LAS
4795;SFB;LCK
4796;MCI;VPS
4797;HGR;SFB
4798;AZA;MKE
4799;PGD;MKE
4800;BWI;VPS
4801;ROC;PGD
4802;PIE;DAY
4803;MFE;SFB
4804;GTF;AZA
4805;SFB;TUL
4806;BWI;SAV
4807;SGF;AZA
4808;LAS;SGF
4809;BLV;VPS
4810;SFB;MFE
4811;PIE;AZA
4812;VPS;EWR
4813;JAX;PIT
4814;AVL;BWI
4815;CVG;SJU
4816;CLE;SAV
4817;PIT;JAX
4818;AZA;PIE
4819;ICT;AZA
4820;PIT;SJU
4821;VPS;BWI
4822;PIE;FSD
4823;SAV;CLE
4824;TYS;EWR
4825;FLL;STT
4826;DFW;BWI
4827;STT;FLL
4828;FLL;ACY
4829;BWI;MYR
4830;MYR;MCO
4831;ACY;FLL
4832;TPA;CAK
4833;CAK;TPA
4834;STT;MCO
4835;RSW;CAK
4836;CAK;RSW
4837;MCO;STT
4838;MYR;LGA
4839;ACY;MCO
4840;MCO;ACY
4841;ACY;TPA
4842;LGA;MYR
4843;TPA;ACY
4844;MYR;ACY
4845;ACY;MYR
4846;MCO;CAK
4847;CAK;MCO
4848;CHA;LGA
4849;OMA;LGA
4850;DSM;DTW
4851;ORF;JFK
4852;CVG;JFK
4853;DTW;CWA
4854;HRL;MSP
4855;MSP;HRL
4856;CVG;STL
4857;STL;CVG
4858;CAE;LGA
4859;CWA;MSP
4860;LGA;CAE
4861;ATL;ELM
4862;PHX;KOA
4863;KOA;PHX
4864;SEA;CLT
4865;PHX;LIH
4866;LIH;PHX
4867;PHL;SJU
4868;OGG;PHX
4869;PHX;DCA
4870;HNL;PHX
4871;PHX;HNL
4872;DFW;RIC
4873;RIC;DFW
4874;PHL;PVD
4875;CLT;SJU
4876;CLT;MTJ
4877;DFW;MCI
4878;MTJ;CLT
4879;CLT;ALB
4880;PHL;SAN
4881;SAN;PHL
4882;DFW;OAK
4883;DFW;TPA
4884;EGE;DFW
4885;VPS;DFW
4886;GRR;DFW
4887;SDF;DFW
4888;MIA;PHL
4889;DFW;CMH
4890;SEA;MIA
4891;DFW;SUX
4892;DFW;CRP
4893;SUX;DFW
4894;ORD;DAY
4895;DFW;MSO
4896;MSO;DFW
4897;DFW;DRT
4898;DRT;DFW
4899;ORD;COU
4900;GRI;DFW
4901;SHV;DFW
4902;GSP;MIA
4903;MIA;GSP
4904;MIA;IND
4905;GSP;SFO
4906;BHM;SFO
4907;LGA;MTJ
4908;STT;IAH
4909;IAH;STT
4910;MTJ;LGA
4911;ALB;CLT
4912;CLT;SEA
4913;SMF;CLT
4914;SAN;CLT
4915;DFW;GSP
4916;GSP;DFW
4917;PVD;MIA
4918;MIA;BOS
4919;RNO;DFW
4920;STX;CLT
4921;DFW;CAE
4922;DFW;JAC
4923;CMH;DFW
4924;DFW;BDL
4925;SJU;DFW
4926;BDL;LAX
4927;SAT;MIA
4928;MIA;STT
4929;STT;MIA
4930;LAX;BDL
4931;BUF;MIA
4932;DFW;BZN
4933;FLL;DFW
4934;AVP;ORD
4935;ORD;AVP
4936;DFW;ABI
4937;TYS;MIA
4938;MIA;TYS
4939;DFW;MGM
4940;CMI;ORD
4941;DFW;GJT
4942;MLI;ORD
4943;ORD;MLI
4944;CHO;LGA
4945;DCA;XNA
4946;GCK;DFW
4947;GJT;DFW
4948;EVV;ORD
4949;ORD;EVV
4950;ATW;ORD
4951;ORD;MHK
4952;MQT;ORD
4953;ORD;CWA
4954;LGA;ROA
4955;ROA;LGA
4956;ALO;ORD
4957;ORD;ALO
4958;LGA;ILM
4959;DFW;TXK
4960;TXK;DFW
4961;LBB;DFW
4962;DFW;EYW
4963;EYW;DFW
4964;MHK;ORD
4965;RST;ORD
4966;CID;DFW
4967;DFW;CID
4968;DFW;GCK
4969;DAL;HRL
4970;HOU;LBB
4971;HRL;DAL
4972;LBB;HOU
4973;CRW;PHL
4974;JAN;DCA
4975;CLT;DAY
4976;XNA;CLT
4977;DCA;ORF
4978;GNV;CLT
4979;EWN;CLT
4980;DCA;CRW
4981;CAE;DCA
4982;CLT;EVV
4983;MYR;PHL
4984;DAY;PHL
4985;HPN;DCA
4986;PHL;MYR
4987;CLT;DSM
4988;DSM;CLT
4989;MHT;DCA
4990;CLT;GRR
4991;GRR;CLT
4992;ILM;PHL
4993;CAK;PHL
4994;CLT;TOL
4995;CLT;PIA
4996;TYS;PHL
4997;AGS;CLT
4998;CLT;AGS
4999;CLT;EWN
5000;DCA;HPN
5001;DCA;JAN
5002;AVP;CLT
5003;TOL;CLT
5004;DAY;DCA
5005;DCA;DAY
5006;DCA;ILM
5007;ILM;DCA
5008;MCO;GSO
5009;GSO;MCO
5010;FLL;IAG
5011;MCO;MYR
5012;MYR;BWI
5013;ATL;GRB
5014;GEG;LAX
5015;LGA;RSW
5016;RSW;LGA
5017;GRB;ATL
5018;BLI;KOA
5019;KOA;BLI
5020;OME;OTZ
5021;SBA;PHX
5022;PHX;MEM
5023;DFW;PIA
5024;PIA;DFW
5025;GPT;DFW
5026;DFW;FSD
5027;MTJ;PHX
5028;PHX;MTJ
5029;RAP;DFW
5030;DFW;MOB
5031;MOB;DFW
5032;PHX;MAF
5033;PHX;FSD
5034;FSD;PHX
5035;BMI;DFW
5036;PHX;DRO
5037;DRO;PHX
5038;PHX;AMA
5039;AMA;PHX
5040;LBB;PHX
5041;PHX;LBB
5042;MAF;PHX
5043;ORF;PHX
5044;MCO;TTN
5045;LAS;COS
5046;COS;LAS
5047;PHX;COS
5048;COS;PHX
5049;MCO;PWM
5050;PWM;MCO
5051;CHS;PHL
5052;PHL;CHS
5053;MCO;GSP
5054;GSP;LAS
5055;LAS;JAX
5056;HRL;ORD
5057;ORD;HRL
5058;ATL;TTN
5059;TTN;ATL
5060;LAS;GSP
5061;GSP;MCO
5062;DEN;LFT
5063;LFT;DEN
5064;TPA;ORF
5065;ORF;TPA
5066;OMA;RSW
5067;RSW;OMA
5068;DEN;LIT
5069;SAN;CLE
5070;CLE;SAN
5071;SAN;RDU
5072;RDU;SAN
5073;TPA;CLE
5074;CLE;TPA
5075;MCO;COS
5076;ORD;PNS
5077;PNS;ORD
5078;DSM;MCO
5079;MCO;DSM
5080;PIT;PBI
5081;PBI;PIT
5082;AUS;ONT
5083;ONT;AUS
5084;TPA;PWM
5085;PWM;TPA
5086;TPA;SYR
5087;SYR;TPA
5088;SNA;SAT
5089;SAT;RDU
5090;RSW;SYR
5091;SYR;RSW
5092;PBI;RDU
5093;RDU;PBI
5094;JAX;PHL
5095;RDU;SAT
5096;SAT;SNA
5097;TPA;TTN
5098;TTN;TPA
5099;JAX;TTN
5100;TTN;JAX
5101;CLT;TTN
5102;TTN;CLT
5103;DEN;TYS
5104;TYS;DEN
5105;ONT;MCO
5106;MCO;PSM
5107;PSM;MCO
5108;TTN;MCO
5109;PBI;TTN
5110;TTN;PBI
5111;RSW;TTN
5112;TTN;RSW
5113;JAN;MCO
5114;MCO;JAN
5115;MCO;MDT
5116;MDT;MCO
5117;MCO;ABQ
5118;MSN;MCO
5119;MCO;MSN
5120;LAS;MSN
5121;MSN;LAS
5122;DEN;HRL
5123;HRL;DEN
5124;MSP;JAX
5125;JAX;LAS
5126;JAX;MSP
5127;DEN;HSV
5128;HSV;DEN
5129;MCO;HSV
5130;HSV;MCO
5131;RSW;PHX
5132;BMI;MCO
5133;MCO;BMI
5134;MCO;ONT
5135;PHX;RSW
5136;CVG;SAN
5137;SAN;MKE
5138;SAN;CVG
5139;RSW;ISP
5140;CLE;PBI
5141;PBI;CLE
5142;ISP;RSW
5143;TPA;GRR
5144;COS;MCO
5145;MKE;SAN
5146;SAT;CVG
5147;CVG;SAT
5148;STL;PBI
5149;PBI;STL
5150;TPA;GSP
5151;GSP;TPA
5152;LAS;ORF
5153;JAX;STL
5154;DEN;SAV
5155;SAV;DEN
5156;DEN;GSP
5157;GSP;DEN
5158;STL;JAX
5159;RDU;TTN
5160;ORF;LAS
5161;TYS;MCO
5162;MCO;TYS
5163;LIT;MCO
5164;MCO;LIT
5165;RSW;SLC
5166;ABQ;MCO
5167;DEN;PNS
5168;PNS;DEN
5169;SLC;RSW
5170;DEN;JAN
5171;JAN;DEN
5172;LFT;MCO
5173;MCO;LFT
5174;FLL;TTN
5175;TTN;FLL
5176;TTN;RDU
5177;DEN;BUF
5178;BUF;DEN
5179;IND;SAN
5180;RSW;PWM
5181;PWM;RSW
5182;SAN;IND
5183;SRQ;CLE
5184;CLE;SRQ
5185;CMH;PBI
5186;PBI;CMH
5187;SNA;AUS
5188;AUS;SNA
5189;RSW;RDU
5190;RDU;RSW
5191;RSW;LAS
5192;PHX;ORF
5193;LAS;RSW
5194;BTR;DCA
5195;LIH;HNL
5196;OGG;HNL
5197;HNL;OGG
5198;KOA;HNL
5199;HNL;ITO
5200;HNL;LIH
5201;OGG;LIH
5202;HNL;KOA
5203;OGG;KOA
5204;ITO;HNL
5205;LIH;KOA
5206;KOA;LIH
5207;ITO;OGG
5208;OGG;ITO
5209;HNL;PPG
5210;PPG;HNL
5211;LIH;OGG
5212;SNA;JFK
5213;HNL;JFK
5214;JFK;HNL
5215;JFK;SNA
5216;MSP;RNO
5217;RNO;MSP
5218;ATL;MHT
5219;MHT;ATL
5220;LAX;GEG
5221;MSP;ABQ
5222;ABQ;MSP
5223;MSP;BUF
5224;SLC;CLE
5225;MSP;ALB
5226;ALB;MSP
5227;BUF;MSP
5228;CLE;SLC
5229;MSP;PBI
5230;PBI;MSP
5231;IAH;BOI
5232;IAH;BZN
5233;IAD;OKC
5234;HSV;IAH
5235;IAD;MCI
5236;PHL;IAD
5237;DFW;GPT
5238;DFW;ILM
5239;ILM;DFW
5240;PHX;STS
5241;STS;PHX
5242;TYS;IAD
5243;MDT;IAD
5244;LEX;EWR
5245;EWR;MSN
5246;IAD;TYS
5247;ILM;IAD
5248;SHV;IAH
5249;RIC;EWR
5250;IAH;HOB
5251;ALB;IAD
5252;IAD;ALB
5253;IAH;GPT
5254;IAD;CAE
5255;EWR;RIC
5256;IAH;MLU
5257;IAH;VPS
5258;GPT;IAH
5259;IAH;AMA
5260;EWR;LEX
5261;HSV;ORD
5262;IAD;HSV
5263;IAD;SAV
5264;IAD;SDF
5265;SAV;ORD
5266;AMA;IAH
5267;EWR;MKE
5268;DAY;IAH
5269;IAH;AEX
5270;DCA;CLE
5271;IAD;SCE
5272;GRK;IAH
5273;CRW;IAH
5274;MEM;EWR
5275;CHA;IAD
5276;CAK;EWR
5277;IAH;LEX
5278;EWR;GSP
5279;JAN;ORD
5280;EWR;DAY
5281;ORD;JAN
5282;EWR;ALB
5283;GSO;IAD
5284;LCH;IAH
5285;CLE;DCA
5286;IAH;CLL
5287;EWR;SBN
5288;IAH;SHV
5289;IAH;CAE
5290;IAD;GSO
5291;EWR;CAK
5292;HSV;IAD
5293;IAH;CAK
5294;EWR;BGR
5295;IAH;SGF
5296;DAY;EWR
5297;AEX;IAH
5298;HOB;IAH
5299;DAL;RNO
5300;DAL;TUS
5301;PHL;SAV
5302;CRW;CLT
5303;DCA;LAN
5304;LAN;DCA
5305;ART;PHL
5306;PHL;ART
5307;CRW;DCA
5308;CLT;XNA
5309;MOB;CLT
5310;HVN;PHL
5311;PHL;HVN
5312;PHL;CRW
5313;PHL;PHF
5314;CID;CLT
5315;PNS;DCA
5316;GSO;DCA
5317;DCA;CAE
5318;RDU;PIT
5319;DCA;MGM
5320;MGM;DCA
5321;PIT;RDU
5322;DCA;CHA
5323;ABE;CLT
5324;CLT;MOB
5325;LBE;MCO
5326;MCO;LBE
5327;RSW;ACY
5328;ACY;RSW
5329;BOS;MYR
5330;MYR;FLL
5331;TPA;GSO
5332;GSO;TPA
5333;AVL;MCO
5334;MCO;AVL
5335;FLL;MYR
5336;MYR;BOS
5337;ACY;PBI
5338;PBI;ACY
5339;TPA;LBE
5340;TPA;AVL
5341;AVL;TPA
5342;LBE;TPA
5343;RSW;LBE
5344;LBE;RSW
5345;ORD;ATW
5346;SEA;SBP
5347;SBP;SEA
5348;SEA;RNO
5349;RNO;SEA
5350;ICT;SEA
5351;SEA;ICT
5352;BZN;SEA
5353;SEA;BZN
5354;SLC;MFR
5355;SLC;MKE
5356;EUG;SLC
5357;SLC;EUG
5358;MFR;SLC
5359;MTJ;SLC
5360;SLC;MTJ
5361;EGE;SLC
5362;SLC;EGE
5363;UIN;CGI
5364;CGI;UIN
5365;ORD;RAP
5366;SGF;IAH
5367;DEN;ISN
5368;ISN;DEN
5369;MKE;SLC
5370;LGA;DSM
5371;RAP;ORD
5372;DTW;PWM
5373;PWM;DTW
5374;STT;PHL
5375;PHL;STT
5376;LAS;DCA
5377;CLT;SMF
5378;SJC;GSP
5379;JAC;DFW
5380;MIA;PHX
5381;TUL;CLT
5382;MIA;SAT
5383;CAE;DFW
5384;EGE;LGA
5385;LGA;EGE
5386;XNA;DCA
5387;BHM;MIA
5388;MIA;BHM
5389;DFW;GGG
5390;GGG;DFW
5391;DFW;GSO
5392;CLT;SGF
5393;DFW;SPI
5394;GSO;DFW
5395;ORD;MQT
5396;ORD;CAK
5397;SPI;DFW
5398;EVV;CLT
5399;SFO;GSP
5400;SFO;BHM
5401;PWM;PHL
5402;GSP;SJC
5403;CLT;STX
5404;DCA;LAS
5405;CLT;STT
5406;STT;CLT
5407;SAN;MIA
5408;DFW;TLH
5409;TLH;DFW
5410;LIT;DCA
5411;CMI;CLT
5412;CLT;CMI
5413;ORD;HSV
5414;CAK;ORD
5415;ORD;SUN
5416;SUN;ORD
5417;DEN;PSC
5418;PSC;DEN
5419;SEA;STS
5420;CPR;RAP
5421;SJC;MCI
5422;ROC;IAD
5423;IAH;LCH
5424;MSN;EWR
5425;LRD;IAH
5426;BGR;EWR
5427;IAD;ILM
5428;VPS;IAH
5429;IAH;GRK
5430;LEX;IAH
5431;TYS;IAH
5432;MLU;IAH
5433;GSP;EWR
5434;IAH;TYS
5435;IAH;LRD
5436;IAD;CHA
5437;CAE;IAD
5438;ATL;FSM
5439;ATL;EWN
5440;EWN;ATL
5441;ATL;LNK
5442;ATL;GTR
5443;ELM;ATL
5444;BDL;RDU
5445;CHS;DTW
5446;DTW;CHS
5447;ELP;SJC
5448;IND;RDU
5449;RDU;IND
5450;CLE;BDL
5451;BDL;CVG
5452;CVG;BDL
5453;OAK;DFW
5454;TUS;CLT
5455;DFW;HNL
5456;OGG;DFW
5457;DFW;OGG
5458;HNL;DFW
5459;BHM;SJC
5460;OKC;SJC
5461;BDL;MIA
5462;AZO;ORD
5463;PDX;CLT
5464;BIL;DFW
5465;DFW;BIL
5466;SAV;MIA
5467;MIA;SAV
5468;SFB;SAT
5469;SFB;AUS
5470;AUS;SFB
5471;SAT;SFB
5472;DCA;CAK
5473;CHA;DCA
5474;PIA;CLT
5475;PHL;ILM
5476;CLT;HVN
5477;HVN;CLT
5478;CLT;PHF
5479;PHF;CLT
5480;TRI;CLT
5481;CAK;DCA
5482;LYH;CLT
5483;PHL;CAK
5484;CLT;LYH
5485;CLT;TRI
5486;PHL;ROC
5487;ROC;PHL
5488;BOS;SMF
5489;SMF;BOS
5490;CAK;IAH
5491;CLL;IAH
5492;CAE;IAH
5493;SBN;EWR
5494;TTN;BNA
5495;BNA;TTN
5496;RDU;AUS
5497;AUS;RDU
5498;PIT;SAN
5499;SAN;PIT
5500;SAT;ONT
5501;ONT;SAT
5502;AUS;CMH
5503;CMH;AUS
5504;MIA;RSW
5505;MCI;MIA
5506;MIA;MCI
5507;MIA;SDF
5508;RSW;MIA
5509;GRR;PHL
5510;PHL;GRR
5511;MIA;RIC
5512;RIC;MIA
5513;PHL;CMH
5514;LAS;HNL
5515;SMF;HNL
5516;HNL;SMF
5517;LGB;HNL
5518;HNL;LGB
5519;KOA;OGG
5520;GJT;LAX
5521;IAH;CRW
5522;BUF;PHL
5523;PHL;BUF
5524;PHL;SDF
5525;DCA;MYR
5526;MYR;DCA
5527;MIA;OMA
5528;OMA;MIA
5529;DCA;SRQ
5530;SRQ;DCA
5531;MIA;GRR
5532;HOU;MIA
5533;GRR;MIA
5534;ORF;BOS
5535;PHL;SYR
5536;SYR;PHL
5537;BOS;STT
5538;PVD;PBI
5539;PBI;PVD
5540;BOS;PSP
5541;PSP;BOS
5542;DTW;MYR
5543;MYR;DTW
5544;XNA;VPS
5545;JAX;CLE
5546;CLE;JAX
5547;SAV;LCK
5548;BLV;FLL
5549;CHS;PIT
5550;AUS;MEM
5551;SAV;PIT
5552;PBG;PGD
5553;PIT;SAV
5554;MEM;AUS
5555;PGD;PBG
5556;CHS;IND
5557;PIT;CHS
5558;VPS;XNA
5559;FLL;BLV
5560;SAV;IND
5561;CLE;SFB
5562;SFB;DAY
5563;IND;CHS
5564;SFB;MCI
5565;SFB;GFK
5566;AVL;DEN
5567;DAY;SFB
5568;IND;SAV
5569;SFB;OKC
5570;GFK;SFB
5571;MCI;SFB
5572;BLV;JAX
5573;SFB;CLE
5574;JAX;BLV
5575;SRQ;AVL
5576;CKB;AVL
5577;LCK;SAV
5578;CRW;ORD
5579;DEN;IDA
5580;ORD;CRW
5581;DCA;BTR
5582;LNK;ORD
5583;ORD;LNK
5584;IDA;DEN
5585;LEX;IAD
5586;MBS;APN
5587;ORD;RNO
5588;RNO;ORD
5589;GEG;LWS
5590;ROC;RSW
5591;RSW;ROC
5592;MYR;LBE
5593;LBE;MYR
5594;CLT;HTS
5595;HTS;CLT
5596;PHL;EYW
5597;EYW;PHL
5598;MCO;BTV
5599;BTV;MCO
5600;MKE;ESC
5601;CLE;APN
5602;OKC;SFB
5603;AVL;SRQ
5604;SRQ;BWI
5605;MSY;SDF
5606;DEN;AVL
5607;BWI;SRQ
5608;SDF;MSY
5609;PSC;BLI
5610;MLB;PHL
5611;PHL;MLB
5612;MYR;IAG
5613;IAG;MYR
5614;DFW;MRY
5615;MRY;DFW
5616;IAD;LEX
5617;SCE;IAD
5618;TWF;ORD
5619;DTW;SAV
5620;SAV;DTW
5621;MSP;ORF
5622;ORF;MSP
5623;BOS;ORF
5624;DFW;YUM
5625;YUM;DFW
5626;IAD;MDT
5627;IAD;MHT
5628;IAD;HHH
5629;MHT;IAD
5630;HHH;IAD
5631;DAY;IAD
5632;IAD;DAY
5633;AUS;ECP
5634;BWI;ECP
5635;CHS;STL
5636;DAL;PBI
5637;ECP;AUS
5638;ECP;BWI
5639;ECP;STL
5640;MDW;RNO
5641;PBI;DAL
5642;AUS;PIT
5643;DFW;HRL
5644;HRL;DFW
5645;DFW;GNV
5646;GNV;DFW
5647;MYR;BDL
5648;BDL;MYR
5649;CLE;MYR
5650;MYR;CLE
5651;SEA;CMH
5652;CMH;SEA
5653;SYR;MSP
5654;MSP;SYR
5655;BIS;ORD
5656;AMA;DEN
5657;LAX;RDD
5658;RDD;LAX
5659;STS;DEN
5660;DEN;STS
5661;PDX;ABQ
5662;ABQ;PDX
5663;DTW;LIT
5664;LIT;DTW
5665;DTW;LSE
5666;LSE;DTW
5667;ORD;ROA
5668;ROA;ORD
5669;ECP;MDW
5670;MDW;ECP
5671;MDW;PBI
5672;MDW;PNS
5673;RNO;MDW
5674;STL;ECP
5675;ORD;ECP
5676;ECP;ORD
5677;PSC;SEA
5678;SEA;PSC
5679;BZN;DTW
5680;DTW;BZN
5681;BRO;DEN
5682;DEN;BRO
5683;DEN;AMA
5684;MOT;ABR
5685;MSP;SAV
5686;SAV;MSP
5687;SAV;SDF
5688;PIT;AUS
5689;SAN;SCK
5690;SDF;SAV
5691;BNA;SYR
5692;DFW;AGS
5693;PNS;MDW
5694;PBI;MDW
5695;STL;CHS
5696;SCK;SAN
5697;PIT;CRW
5698;PAE;SFO
5699;DEN;PAE
5700;PAE;DEN
5701;SFO;PAE
5702;LAX;MSN
5703;LAX;PSC
5704;MSN;LAX
5705;PSC;LAX
5706;OAK;PSP
5707;SRQ;DEN
5708;DEN;SRQ
5709;DEN;PBI
5710;LGA;EYW
5711;EYW;LGA
5712;PBI;DEN
5713;ORD;VPS
5714;VPS;ORD
5715;PIT;MYR
5716;MYR;PIT
5717;CLE;RDU
5718;RDU;CLE
5719;AGS;DFW
5720;FAT;ORD
5721;ORD;FAT
5722;SYR;BNA
5723;MYR;ORD
5724;ORD;MYR
5725;BFL;DFW
5726;DFW;BFL
5727;SJC;PSP
5728;PNS;DAL
5729;DAL;PNS
5730;STT;BOS
5731;PNS;MCI
5732;DEN;BKG
5733;BKG;DEN
5734;ISP;MYR
5735;MYR;ISP
5736;TTN;MYR
5737;MYR;TTN
5738;RDU;JAX
5739;JAX;RDU
5740;TTN;ORD
5741;ORD;TTN
5742;COS;MSP
5743;MSP;COS
5744;PHL;MKE
5745;MKE;PHL
5746;DEN;BMI
5747;BMI;DEN
5748;RDU;ALB
5749;ALB;RDU
5750;COS;IAD
5751;IAD;COS
5752;RDU;ISP
5753;ISP;RDU
5754;SRQ;GRR
5755;SRQ;MDT
5756;MYR;CVG
5757;GJT;AZA
5758;GRR;SRQ
5759;MYR;MDT
5760;ABE;MYR
5761;BNA;SRQ
5762;MDT;MYR
5763;SRQ;LCK
5764;CVG;MYR
5765;AZA;GJT
5766;LCK;MYR
5767;RIC;SRQ
5768;SRQ;BNA
5769;MYR;ABE
5770;SYR;SRQ
5771;VPS;SRQ
5772;SRQ;SYR
5773;LCK;SRQ
5774;MDT;SRQ
5775;DFW;FLG
5776;FLG;DFW
5777;ATY;PIR
5778;PIR;DEN
5779;DEN;PIR
5780;PIR;ATY
5781;DEN;ATY
5782;ATY;DEN
5783;AGS;ORD
5784;ORD;AGS
5785;MYR;LCK
5786;SRQ;RIC
5787;SLC;VEL
5788;MSY;SJC
5789;SJC;MSY
5790;IAD;AVP
5791;MCI;PNS
5792;MIA;AGS
5793;LGA;AGS
5794;AGS;LGA
5795;GFK;ISN
5796;AGS;MIA
5797;AGS;DCA
5798;DCA;AGS
5799;BUR;DFW
5800;DFW;BUR
5801;EWR;HHH
5802;HHH;EWR
5803;HHH;ORD
5804;ORD;HHH
5805;ATL;ONT
5806;ONT;ATL
5807;FAI;ORD
5808;ORD;FAI
5809;PHL;AGS
5810;AGS;PHL
5811;TWF;SUN
5812;BOS;HNL
5813;HNL;BOS
5814;CLE;AUS
5815;AUS;CLE
5816;GSO;IAH
5817;IAH;GSO
5818;DFW;SBP
5819;SBP;DFW
5820;SDF;LAX
5821;LAX;SDF
5822;BGR;PHL
5823;PHL;BGR
5824;DCA;HHH
5825;HHH;DCA
5826;DCA;MLB
5827;MLB;DCA
5828;DAB;LGA
5829;LGA;DAB
5830;FAI;MSP
5831;MSP;FAI
5832;DFW;MEI
5833;PIB;DFW
5834;SLC;WYS
5835;WYS;SLC
5836;OGS;IAD
5837;IAD;OGS
5838;PDX;OMA
5839;MSP;TVC
5840;TVC;MSP
5841;OGS;ORD
5842;ORD;OGS
5843;SIT;SEA
5844;SEA;SIT
5845;MYR;HTS
5846;FCA;AZA
5847;BNA;ABE
5848;AUS;VPS
5849;VPS;PIA
5850;VPS;IND
5851;MYR;LEX
5852;VPS;SDF
5853;PGD;HTS
5854;VPS;TYS
5855;ANC;BLI
5856;BNA;SFB
5857;SDF;VPS
5858;ICT;SFB
5859;TUL;PIE
5860;DSM;VPS
5861;SGF;VPS
5862;TYS;BWI
5863;ABE;BNA
5864;MEM;VPS
5865;AZA;MEM
5866;VPS;SGF
5867;PIE;HGR
5868;VPS;AUS
5869;SHV;VPS
5870;VPS;EVV
5871;SFB;BNA
5872;ORF;JAX
5873;LIT;VPS
5874;IND;VPS
5875;VPS;PIT
5876;SHV;SFB
5877;LCK;JAX
5878;VPS;LCK
5879;AZA;FCA
5880;PIT;TYS
5881;VPS;USA
5882;LCK;VPS
5883;SFB;ICT
5884;CLE;VPS
5885;VPS;DSM
5886;TYS;VPS
5887;USA;VPS
5888;VPS;SHV
5889;MEM;AZA
5890;HTS;PGD
5891;VPS;CLE
5892;SWF;MYR
5893;EVV;VPS
5894;SYR;MYR
5895;LEX;MYR
5896;HGR;PIE
5897;PIE;TRI
5898;PIA;VPS
5899;MYR;IND
5900;IND;MYR
5901;JAX;ORF
5902;OAK;MSO
5903;MYR;SWF
5904;BWI;TYS
5905;CID;BNA
5906;HTS;MYR
5907;MSO;OAK
5908;MYR;SYR
5909;VPS;MEM
5910;TYS;PIT
5911;BNA;CID
5912;SFB;SHV
5913;VPS;LIT
5914;OMA;PDX
5915;COD;SLC
5916;SLC;COD
5917;MSO;ORD
5918;ORD;MSO
5919;ATL;HHH
5920;HHH;ATL
5921;BNA;SMF
5922;SMF;BNA
5923;SDF;SFO
5924;JFK;ACK
5925;ACK;JFK
5926;DEN;PVD
5927;PVD;RDU
5928;DTW;TTN
5929;TTN;DTW
5930;DEN;GRB
5931;GRB;DEN
5932;RDU;PVD
5933;PVD;DEN
5934;CLE;CHS
5935;CHS;CLE
5936;DEN;PWM
5937;PWM;RDU
5938;ATL;ISP
5939;ISP;ATL
5940;RDU;PWM
5941;PWM;DEN
5942;MSP;TTN
5943;DEN;BFM
5944;BFM;DEN
5945;DEN;SYR
5946;SYR;RDU
5947;RDU;SYR
5948;SYR;DEN
5949;TTN;MSP
5950;TTN;CHS
5951;CHS;TTN
5952;COS;SAT
5953;SAT;COS
5954;DEN;BTV
5955;BTV;DEN
5956;SEA;CLE
5957;CLE;SEA
5958;DEN;MDT
5959;MDT;DEN
5960;RDU;MKE
5961;MKE;RDU
5962;ORD;BFM
5963;BFM;ORD
5964;ORD;BKG
5965;BKG;DFW
5966;DFW;BKG
5967;BKG;ORD
5968;BUF;RDU
5969;RDU;BUF
5970;MCO;TUL
5971;TUL;MCO
5972;PHL;BTV
5973;BTV;PHL
5974;AVL;LGA
5975;LGA;AVL
5976;ANC;ATL
5977;ATL;ANC
5978;JFK;MVY
5979;MVY;JFK
5980;ACK;BOS
5981;BOS;ACK
5982;ACK;DCA
5983;DCA;ACK
5984;MSP;LEX
5985;ANC;DFW
5986;DFW;ANC
5987;PHL;CHA
5988;CHA;PHL
5989;SFO;SDF
5990;ATL;ACY
5991;MCI;MYR
5992;MYR;MCI
5993;MYR;IAH
5994;FLL;STX
5995;STX;FLL
5996;ALB;PHL
5997;PHL;ALB
5998;BGR;CLT
5999;CLT;BGR
6000;PHF;PHL
6001;LEX;MSP
6002;PIE;TUL
6003;MYR;FWA
6004;BLI;ANC
6005;PIT;VPS
6006;TRI;PIE
6007;MYR;BLV
6008;FWA;MYR
6009;CKB;MYR
6010;BLV;MYR
6011;MYR;CKB
6012;JAX;LCK
6013;AVL;DFW
6014;DFW;AVL
6015;HLN;GTF
6016;PBG;MYR
6017;MYR;PBG
6018;DFW;MYR
6019;MYR;DFW
6020;DTW;OAK
6021;OAK;DTW
6022;OAK;ORD
6023;OAK;IAH
6024;MSP;MYR
6025;MYR;MSP
6026;IAH;OAK
6027;AVL;PHL
6028;PHL;AVL
6029;CLT;MGM
6030;MGM;CLT
6031;ACY;ATL
6032;CMH;MYR
6033;MYR;CMH
6034;ORD;OAK
6035;MYR;CRW
6036;CRW;MYR
6037;IAH;MYR
6038;ERI;ORD
6039;ORD;ERI
6040;DTW;SMF
6041;SLC;CMH
6042;CMH;SLC
6043;ANC;SLC
6044;SMF;DTW
6045;SLC;ANC
6046;ATL;TVC
6047;LGA;TVC
6048;TVC;LGA
6049;ATL;MSO
6050;ATL;FCA
6051;FCA;ATL
6052;ANC;IAH
6053;DEN;FAI
6054;ANC;EWR
6055;EWR;ANC
6056;SFO;CMH
6057;CMH;SFO
6058;IAH;ANC
6059;FAI;DEN
6060;ANC;SFO
6061;FAI;SFO
6062;SFO;ANC
6063;JNU;GST
6064;GST;JNU
6065;AKN;ANC
6066;ANC;DLG
6067;ANC;AKN
6068;DLG;ANC
6069;PDX;BWI
6070;BWI;PDX
6071;PDX;PHL
6072;PHL;PDX
6073;TVC;IAD
6074;IAD;TVC
6075;RAP;IAH
6076;IAH;ONT
6077;ONT;IAH
6078;IAH;RAP
6079;TVC;EWR
6080;DEN;MYR
6081;MYR;DEN
6082;GTF;ORD
6083;SFO;MSO
6084;DEN;MOT
6085;ORD;RDM
6086;OTH;DEN
6087;MOT;DEN
6088;MSO;SFO
6089;EUG;ORD
6090;RDM;ORD
6091;BIL;ORD
6092;DEN;OTH
6093;ORD;BIL
6094;GJT;ORD
6095;ORD;GTF
6096;ORD;EUG
6097;DEN;ACV
6098;ACV;DEN
6099;JAC;PHX
6100;PHX;JAC
6101;BGR;ORD
6102;ORD;BGR
6103;AVL;IAD
6104;IAD;AVL
6105;HOU;PDX
6106;HOU;SEA
6107;MKE;SFO
6108;PDX;HOU
6109;SEA;HOU
6110;SFO;MKE
6111;SJC;BNA
6112;BNA;BUR
6113;BNA;SJC
6114;BUR;BNA
6115;ECP;DEN
6116;ECP;MCI
6117;DAL;BOI
6118;DEN;ECP
6119;MCI;ECP
6120;MDW;PWM
6121;ORF;BNA
6122;PNS;AUS
6123;PNS;STL
6124;PWM;MDW
6125;STL;PNS
6126;BNA;OMA
6127;BNA;ORF
6128;DFW;TVC
6129;TVC;DFW
6130;DFW;FCA
6131;JLN;ORD
6132;ORD;JLN
6133;TVC;ATL
6134;BGR;DTW
6135;DTW;BGR
6136;LGA;MVY
6137;MVY;LGA
6138;HYA;JFK
6139;JFK;HYA
6140;MVY;BOS
6141;BOS;MVY
6142;HPN;ACK
6143;ACK;HPN
6144;LGA;ACK
6145;ACK;LGA
6146;OAK;BOS
6147;BOS;OAK
6148;ORF;CLE
6149;PSM;MYR
6150;GRR;BNA
6151;FCA;OAK
6152;LCK;CHS
6153;SAV;PSM
6154;LAX;CID
6155;MEM;OAK
6156;ICT;VPS
6157;MYR;ALB
6158;OAK;FCA
6159;VPS;TUL
6160;SDF;MYR
6161;CVG;ORF
6162;SAV;IAG
6163;FCA;LAX
6164;IAG;SAV
6165;DSM;LAX
6166;SAV;BNA
6167;LEX;VPS
6168;VPS;RFD
6169;LIT;LAX
6170;FSD;LAX
6171;VPS;TOL
6172;MYR;SDF
6173;LAX;ICT
6174;HGR;MYR
6175;CLE;ORF
6176;MSO;LAX
6177;OMA;VPS
6178;GRR;SAV
6179;XNA;BNA
6180;SFB;ELP
6181;MDT;BNA
6182;SAN;EUG
6183;ALB;MYR
6184;SAV;PVD
6185;TOL;VPS
6186;HTS;VPS
6187;LAX;BIL
6188;VPS;LEX
6189;MFR;AZA
6190;VPS;OMA
6191;PSM;SAV
6192;LAX;MFE
6193;BNA;XNA
6194;BNA;SAV
6195;PVD;CVG
6196;OAK;MEM
6197;ALB;SAV
6198;OAK;IDA
6199;VPS;HTS
6200;MYR;PSM
6201;IDA;LAX
6202;ELP;SFB
6203;LAX;FSD
6204;LAX;XNA
6205;XNA;LAX
6206;MFE;LAX
6207;VPS;ICT
6208;LAX;LIT
6209;CHS;LCK
6210;CID;LAX
6211;LAX;FAR
6212;ICT;LAX
6213;IDA;OAK
6214;AZA;MFR
6215;LAX;IDA
6216;LAX;DSM
6217;SAV;ABE
6218;FAR;LAX
6219;TUL;VPS
6220;RFD;VPS
6221;SAV;GRR
6222;BNA;MDT
6223;LAX;MSO
6224;CVG;PVD
6225;ORF;CVG
6226;BNA;GRR
6227;ABE;SAV
6228;EUG;SAN
6229;BIL;LAX
6230;SAV;ALB
6231;PVD;SAV
6232;LAX;GJT
6233;LAX;FCA
6234;MYR;HGR
6235;ORD;MHT
6236;MHT;ORD
6237;STS;PDX
6238;PDX;STS
6239;EUG;SEA
6240;SEA;EUG
6241;SFO;FAI
6242;MSO;ATL
6243;ACK;CLT
6244;CLT;ACK
6245;HHH;LGA
6246;LGA;HHH
6247;EWR;TVC
6248;FCA;SFO
6249;SFO;FCA
6250;ORD;DRO
6251;DRO;ORD
6252;DRO;LAX
6253;LAX;DRO
6254;IDA;MSP
6255;MSP;IDA
6256;DEN;VPS
6257;VPS;DEN
6258;LAX;RAP
6259;ORD;GJT
6260;RAP;LAX
6261;SFO;RAP
6262;RAP;SFO
6263;ORD;COD
6264;MSP;CHS
6265;OMA;BNA
6266;ORF;SAN
6267;RDU;SJC
6268;SAN;ORF
6269;SJC;RDU
6270;AUS;PNS
6271;BOI;DAL
6272;FCA;DFW
6273;DFW;STS
6274;STS;DFW
6275;IAD;ROA
6276;ROA;IAD
6277;GJT;IAH
6278;GJT;SFO
6279;MDT;DFW
6280;DFW;MDT
6281;ILM;ORD
6282;ORD;ILM
6283;DTW;AVL
6284;DCA;MVY
6285;MVY;DCA
6286;DEN;GTF
6287;GTF;DEN
6288;XNA;PHL
6289;PHL;XNA
6290;JAC;LGA
6291;LGA;JAC
6292;CLT;RAP
6293;RAP;CLT
6294;CLT;TVC
6295;TVC;CLT
6296;EWR;PNS
6297;PNS;EWR
6298;DRO;IAH
6299;IAH;DRO
6300;EWR;RAP
6301;RAP;EWR
6302;CHS;MSP
6303;COD;ORD
6304;BZN;LGA
6305;LGA;BZN
6306;HNL;DTW
6307;DTW;HNL
6308;AVL;DTW
6309;ATL;RAP
6310;RAP;ATL
6311;PDX;GEG
6312;ATL;BUR
6313;BUR;ATL
6314;DEN;TYR
6315;TYR;DEN
6316;BWI;PHL
6317;PHL;BWI
6318;CRP;DAL
6319;DAL;CRP
6320;MDW;BOI
6321;RIC;TPA
6322;BOS;MSN
6323;MSN;BOS
6324;DEN;TVC
6325;TVC;DEN
6326;DFW;TRI
6327;TRI;DFW
6328;DTW;ORH
6329;ORH;DTW
6330;SBA;SLC
6331;SLC;SBA
6332;SCK;LAX
6333;LAX;SCK
6334;STS;SEA
6335;PDX;BZN
6336;BZN;PDX
6337;GEG;PDX
6338;MSN;CMH
6339;CMH;MSN
6340;BNA;MSN
6341;CVG;MSN
6342;MSN;BNA
6343;BOI;MDW
6344;TPA;RIC
6345;MSN;CLE
6346;EUG;DFW
6347;PHL;RIC
6348;RIC;PHL
6349;MSN;IAD
6350;IAD;MSN
6351;IAH;MSN
6352;MSN;IAH
6353;MSN;CVG
6354;MSN;RDU
6355;RDU;MSN
6356;SEA;MSN
6357;FLG;LAX
6358;LAX;FLG
6359;MSN;SEA
6360;RDD;ACV
6361;SEA;MFR
6362;MFR;SEA
6363;PHX;RAP
6364;RAP;PHX
6365;ORD;ATY
6366;ATY;ORD
6367;LNK;CMH
6368;DFW;SGU
6369;SGU;DFW
6370;CMH;LNK
6371;AUS;BTR
6372;BTR;AUS
6373;CAE;BHM
6374;BHM;CAE
6375;CLT;FNT
6376;FNT;CLT
6377;CLT;PGV
6378;PGV;CLT
6379;SJC;EUG
6380;RNO;EWR
6381;DFW;EUG
6382;DCA;SBN
6383;SBN;DCA
6384;IAH;JFK
6385;JFK;IAH
6386;IAD;RSW
6387;RSW;IAD
6388;LAX;SBN
6389;BHM;CLL
6390;AZA;RDM
6391;RDM;LAS
6392;GRR;JAX
6393;MSY;GRR
6394;TVC;SFB
6395;AZA;MFE
6396;PIE;TVC
6397;SFB;SCE
6398;SCE;PIE
6399;MFE;AZA
6400;GRR;MSY
6401;SFB;TVC
6402;PIE;SCE
6403;SCE;SFB
6404;JAX;GRR
6405;PGD;TVC
6406;LAS;RDM
6407;TVC;PIE
6408;RDM;AZA
6409;TVC;PGD
6410;MSP;XWA
6411;XWA;MSP
6412;IAD;SRQ
6413;EWR;BWI
6414;AMA;HOU
6415;BNA;BUF
6416;BUF;BNA
6417;BWI;EWR
6418;CLE;DAL
6419;DAL;CLE
6420;HOU;AMA
6421;SRQ;IAD
6422;HLN;DEN
6423;DEN;HOB
6424;HOB;DEN
6425;XWA;DEN
6426;IAD;GRR
6427;DEN;XWA
6428;DTW;TUS
6429;BOS;GSP
6430;GSP;BOS
6431;SBN;LAX
6432;CLL;BHM
6433;DEN;HLN
6434;ANC;BRW
6435;ORH;PBI
6436;SFO;GRB
6437;SAT;ABQ
6438;SAT;LGA
6439;TUS;HOU
6440;BHM;FLL
6441;BWI;GSP
6442;FLL;BHM
6443;GSP;BWI
6444;ABQ;SAT
6445;HOU;TUS
6446;LGA;SAT
6447;OKC;SEA
6448;SEA;OKC
6449;JFK;PHL
6450;ONT;ORD
6451;BOS;SBN
6452;TTN;SRQ
6453;SRQ;TTN
6454;PHX;FAR
6455;FAR;PHX
6456;MCO;GRB
6457;GRB;MCO
6458;PBI;USA
6459;IND;TUS
6460;SRQ;BLV
6461;ELM;PGD
6462;TUS;IND
6463;TYS;PBI
6464;PGD;ORF
6465;AZA;XNA
6466;IND;PBI
6467;CVG;PBI
6468;PGD;MEM
6469;AZA;TVC
6470;TVC;AZA
6471;DSM;SRQ
6472;SBN;SRQ
6473;PGD;ELM
6474;SRQ;TYS
6475;XNA;AZA
6476;MEM;PGD
6477;ORF;PGD
6478;PBI;TYS
6479;RFD;SRQ
6480;PGD;CHS
6481;SRQ;FWA
6482;FSD;PGD
6483;PGD;FSD
6484;USA;PBI
6485;SDF;SRQ
6486;BLV;SRQ
6487;PBI;IND
6488;PHL;MDT
6489;ORD;ONT
6490;RDU;SBN
6491;TUS;DTW
6492;PBI;CVG
6493;SRQ;SBN
6494;PBI;AVL
6495;FNT;SRQ
6496;SRQ;DSM
6497;FWA;SRQ
6498;TYS;SRQ
6499;CHS;PGD
6500;SRQ;FNT
6501;SRQ;SDF
6502;AVL;PBI
6503;SRQ;RFD
6504;PHL;JFK
6505;MDT;PHL
6506;SBN;BOS
6507;FWA;BNA
6508;CHA;MSP
6509;MSP;CHA
6510;BOI;LWS
6511;SBN;RDU
6512;LAS;OGG
6513;OGG;LAS
6514;MIA;CAE
6515;ORD;EAR
6516;EAR;ORD
6517;RDM;SEA
6518;SEA;RDM
6519;AVP;IAD
6520;MLB;DTW
6521;DTW;SJU
6522;SJU;DTW
6523;GJT;ASE
6524;CID;PHX
6525;PHX;CID
6526;MIA;XNA
6527;XNA;MIA
6528;GRB;IAD
6529;DFW;STT
6530;STT;DFW
6531;MIA;OKC
6532;OKC;MIA
6533;CAE;MIA
6534;EGE;PHL
6535;PHL;EGE
6536;HOU;LIT
6537;LIT;HOU
6538;SJC;FLL
6539;DCA;ECP
6540;ECP;DCA
6541;SJC;MIA
6542;MIA;SJC
6543;MSP;SRQ
6544;SRQ;MSP
6545;GJT;MSP
6546;GJT;ATL
6547;SBA;PDX
6548;PDX;SBA
6549;SNA;STS
6550;SAN;SBP
6551;STS;SNA
6552;SBP;SAN
6553;RIW;DEN
6554;SHR;RIW
6555;DEN;RIW
6556;RIW;SHR
6557;DEN;SHR
6558;SHR;DEN
6559;ROC;FLL
6560;FLL;ROC
6561;ICT;ATW
6562;GFK;BIS
6563;RST;FAR
6564;FAR;INL
6565;DLH;LNK
6566;SAV;AVL
6567;MSY;GSP
6568;GSP;MSY
6569;MKE;MQT
6570;MSP;HSV
6571;ATL;MBS
6572;FCA;SNA
6573;DDC;DEN
6574;DEN;DDC
6575;SEA;FCA
6576;FCA;SEA
6577;IAD;PBI
6578;PBI;IAD
6579;BNA;ATW
6580;DSM;BNA
6581;BOS;EYW
6582;EYW;BOS
6583;EWR;DSM
6584;DSM;EWR
6585;CHO;PHL
6586;PHL;CHO
6587;FLL;SJC
6588;ABE;SRQ
6589;BNA;GPT
6590;ATW;BNA
6591;GPT;BNA
6592;GTF;IDA
6593;RIC;PGD
6594;PGD;RIC
6595;BNA;DSM
6596;SRQ;ABE
6597;IND;TYS
6598;MCO;CRW
6599;CRW;MCO
6600;MKE;ATW
6601;BIL;RAP
6602;DEN;SLN
6603;SLN;DEN
6604;DEC;ORD
6605;ORD;DEC
6606;ECP;CMH
6607;HHH;PHL
6608;PHL;HHH
6609;PHL;LEX
6610;SAN;RDM
6611;CMH;ECP
6612;HHH;DFW
6613;DFW;HHH
6614;SBP;SBA
6615;SBA;SBP
6616;DEN;FLG
6617;DEN;DIK
6618;DEN;GUC
6619;DEN;SAF
6620;DIK;DEN
6621;FLG;DEN
6622;GUC;DEN
6623;SAF;DEN
6624;BGR;JFK
6625;JFK;BGR
6626;RDU;CHS
6627;CHS;RDU
6628;MIA;ISP
6629;ISP;MIA
6630;MIA;TTN
6631;TTN;MIA
6632;MCO;SRQ
6633;MSY;PNS
6634;MCO;BFM
6635;BFM;MCO
6636;OKC;LIT
6637;OAK;FLL
6638;FLL;OAK
6639;IAH;ACY
6640;DTW;ACY
6641;AUS;ACY
6642;DEN;ATW
6643;ATW;DEN
6644;LGA;PHX
6645;PHX;LGA
6646;LGB;PSP
6647;PSP;LGB
6648;IAD;MYR
6649;MYR;IAD
6650;LEX;PHL
6651;LGA;BWI
6652;BWI;LGA
6653;CMX;EAU
6654;RKS;RIW
6655;EAU;CMX
6656;EAR;LBF
6657;CNY;VEL
6658;CMX;DLH
6659;VEL;CNY
6660;LBF;EAR
6661;GCC;SHR
6662;DEC;SPI
6663;GTF;HLN
6664;GJT;MTJ
6665;CHS;MYR
6666;MTJ;GJT
6667;MKG;MBS
6668;PIR;BFF
6669;BFF;PIR
6670;SHR;GCC
6671;RIW;RKS
6672;SAV;HHH
6673;HHH;SAV
6674;STT;STX
6675;SRQ;MCO
6676;HYS;DDC
6677;PDX;PAE
6678;PAE;PDX
6679;VPS;SWF
6680;GRR;BOS
6681;DSM;AUS
6682;MDW;TYS
6683;TYS;BOS
6684;DAY;VPS
6685;BOS;TYS
6686;PIT;ORF
6687;LCK;ORF
6688;CHS;SDF
6689;AVL;HOU
6690;AVL;BOS
6691;BZN;BNA
6692;PSP;LAS
6693;PIT;MEM
6694;HOU;TYS
6695;SAV;MDW
6696;SWF;SAV
6697;TYS;AUS
6698;HOU;AVL
6699;VPS;DAY
6700;ABE;MDW
6701;BOS;AVL
6702;VPS;BOS
6703;AUS;AVL
6704;AUS;DSM
6705;DSM;MDW
6706;AUS;GRR
6707;MEM;PIT
6708;MEM;CVG
6709;BOS;GRR
6710;MDW;DSM
6711;SAV;SWF
6712;MEM;DSM
6713;LAS;PSP
6714;BNA;BZN
6715;AVL;MDW
6716;AZA;TUS
6717;SDF;CHS
6718;AUS;TYS
6719;DSM;MEM
6720;GRR;AUS
6721;ORF;PIT
6722;ORF;LCK
6723;BOS;VPS
6724;SWF;VPS
6725;PBI;MEM
6726;TYS;MDW
6727;SAV;HOU
6728;MDW;ABE
6729;TUS;AZA
6730;AVL;AUS
6731;MDW;SAV
6732;MDW;AVL
6733;TYS;HOU
6734;FSD;BNA
6735;CVG;MEM
6736;MEM;PBI
6737;HOU;SAV
6738;BNA;FSD
6739;RSW;EYW
6740;EYW;RSW
6741;ASE;MTJ
6742;EGE;ASE
6743;MSN;MKE
6744;MIA;PBI
6745;ORF;RDU
6746;ALB;SYR
6747;CMH;CVG
6748;CID;FSD
6749;BIL;BZN
6750;SYR;ALB
6751;BDL;BTV
6752;BZN;BIL
6753;AVL;GSO
6754;CLE;CMH
6755;JAX;RSW
6756;OAK;SMF
6757;PBG;IAG
6758;PIT;LBE
6759;RIC;CRW
6760;STL;IND
6761;IND;STL
6762;ANC;CDB
6763;CDB;ADK
6764;CDB;ANC
6765;ADK;CDB
6766;TYS;ATL
